19/05/26 14:50:15:110 - TLibPosPrinterConfig.AplicarConfiguracoes: C:\DEV\C#\ACBr\Fiserv\CliSiTef\src\ACBr.CliSiTef.Demo\bin\Debug\ACBrLib.ini
19/05/26 14:50:15:111 - Travar
19/05/26 14:50:15:112 - TLibPosPrinterConfig.AplicarConfiguracoes - Feito
19/05/26 14:50:15:113 - Destravar
19/05/26 14:50:15:113 - TLibPosPrinterConfig.Ler - Feito
19/05/26 14:50:15:113 - Destravar
19/05/26 14:50:15:114 - TACBrLibPosPrinter.Inicializar - Feito
19/05/26 14:50:15:114 - LIB_Inicializar( C:\DEV\C#\ACBr\Fiserv\CliSiTef\src\ACBr.CliSiTef.Demo\bin\Debug\ACBrLib.ini,  *** ) 
19/05/26 14:50:15:115 -    ACBrLibPosPrinter - 2.1.0.40 - Windows/x86 - ST cdecl
19/05/26 14:50:15:117 - LIB_ConfigLer()
19/05/26 14:50:15:118 - Travar
19/05/26 14:50:15:118 - TLibPosPrinterConfig.Ler: C:\DEV\C#\ACBr\Fiserv\CliSiTef\src\ACBr.CliSiTef.Demo\bin\Debug\ACBrLib.ini
19/05/26 14:50:15:119 - TLibPosPrinterConfig.AplicarConfiguracoes: C:\DEV\C#\ACBr\Fiserv\CliSiTef\src\ACBr.CliSiTef.Demo\bin\Debug\ACBrLib.ini
19/05/26 14:50:15:119 - Travar
19/05/26 14:50:15:119 - TLibPosPrinterConfig.AplicarConfiguracoes - Feito
19/05/26 14:50:15:120 - Destravar
19/05/26 14:50:15:120 - TLibPosPrinterConfig.Ler - Feito
19/05/26 14:50:15:120 - Destravar
19/05/26 14:50:15:120 -    SetRetorno(0, )
19/05/26 14:50:15:124 - TACBrLibPosPrinter.PrecisaCriptografar(Principal,LogNivel)
19/05/26 14:50:15:124 - TACBrLibPosPrinter.PrecisaCriptografar - Feito Result: False
19/05/26 14:50:15:124 - LIB_ConfigGravarValor(Principal, LogNivel, 4)
19/05/26 14:50:15:125 - TACBrLibPosPrinter.PrecisaCriptografar(Principal,LogNivel)
19/05/26 14:50:15:125 - TACBrLibPosPrinter.PrecisaCriptografar - Feito Result: False
19/05/26 14:50:15:125 - TLibPosPrinterConfig.AjustarValor(tfGravar,Principal,LogNivel,4)
19/05/26 14:50:15:126 - TLibPosPrinterConfig.AjustarValor - Feito
19/05/26 14:50:15:126 - TLibPosPrinterConfig.AplicarConfiguracoes: C:\DEV\C#\ACBr\Fiserv\CliSiTef\src\ACBr.CliSiTef.Demo\bin\Debug\ACBrLib.ini
19/05/26 14:50:15:126 - Travar
19/05/26 14:50:15:127 - TLibPosPrinterConfig.AplicarConfiguracoes - Feito
19/05/26 14:50:15:127 - Destravar
19/05/26 14:50:15:128 -    SetRetorno(0, )
19/05/26 14:50:15:128 - TACBrLibPosPrinter.PrecisaCriptografar(Principal,LogPath)
19/05/26 14:50:15:128 - TACBrLibPosPrinter.PrecisaCriptografar - Feito Result: False
19/05/26 14:50:15:129 - LIB_ConfigGravarValor(Principal, LogPath, C:\DEV\C#\ACBr\Fiserv\CliSiTef\src\ACBr.CliSiTef.Demo\bin\Debug\Logs)
19/05/26 14:50:15:129 - TACBrLibPosPrinter.PrecisaCriptografar(Principal,LogPath)
19/05/26 14:50:15:129 - TACBrLibPosPrinter.PrecisaCriptografar - Feito Result: False
19/05/26 14:50:15:130 - TLibPosPrinterConfig.AjustarValor(tfGravar,Principal,LogPath,C:\DEV\C#\ACBr\Fiserv\CliSiTef\src\ACBr.CliSiTef.Demo\bin\Debug\Logs)
19/05/26 14:50:15:130 - TLibPosPrinterConfig.AjustarValor - Feito
19/05/26 14:50:15:131 - TLibPosPrinterConfig.AplicarConfiguracoes: C:\DEV\C#\ACBr\Fiserv\CliSiTef\src\ACBr.CliSiTef.Demo\bin\Debug\ACBrLib.ini
19/05/26 14:50:15:131 - Travar
19/05/26 14:50:15:132 - TLibPosPrinterConfig.AplicarConfiguracoes - Feito
19/05/26 14:50:15:132 - Destravar
19/05/26 14:50:15:133 -    SetRetorno(0, )
19/05/26 14:50:15:135 - LIB_ConfigLerValor(PosPrinter, ArqLog)
19/05/26 14:50:15:136 - TACBrLibPosPrinter.PrecisaCriptografar(PosPrinter,ArqLog)
19/05/26 14:50:15:136 - TACBrLibPosPrinter.PrecisaCriptografar - Feito Result: False
19/05/26 14:50:15:137 - TLibPosPrinterConfig.AjustarValor(tfLer,PosPrinter,ArqLog,C:\DEV\C#\ACBr\Fiserv\CliSiTef\src\ACBr.CliSiTef.Demo\bin\Debug\Logs\PosPrinter.log)
19/05/26 14:50:15:137 - TLibPosPrinterConfig.AjustarValor - Feito
19/05/26 14:50:15:138 -    MoverStringParaPChar. StrLen:83, BufLen:256
19/05/26 14:50:15:138 - TACBrLibPosPrinter.PrecisaCriptografar(PosPrinter,ArqLog)
19/05/26 14:50:15:139 - TACBrLibPosPrinter.PrecisaCriptografar - Feito Result: False
19/05/26 14:50:15:139 -    Valor:C:\DEV\C#\ACBr\Fiserv\CliSiTef\src\ACBr.CliSiTef.Demo\bin\Debug\Logs\PosPrinter.log, len:83
19/05/26 14:50:15:139 -    SetRetorno(0, C:\DEV\C#\ACBr\Fiserv\CliSiTef\src\ACBr.CliSiTef.Demo\bin\Debug\Logs\PosPrinter.log)
19/05/26 14:50:15:140 - LIB_ConfigLerValor(PosPrinter, ArqLog)
19/05/26 14:50:15:142 - TACBrLibPosPrinter.PrecisaCriptografar(PosPrinter,ArqLog)
19/05/26 14:50:15:142 - TACBrLibPosPrinter.PrecisaCriptografar - Feito Result: False
19/05/26 14:50:15:142 - TLibPosPrinterConfig.AjustarValor(tfLer,PosPrinter,ArqLog,C:\DEV\C#\ACBr\Fiserv\CliSiTef\src\ACBr.CliSiTef.Demo\bin\Debug\Logs\PosPrinter.log)
19/05/26 14:50:15:143 - TLibPosPrinterConfig.AjustarValor - Feito
19/05/26 14:50:15:143 -    MoverStringParaPChar. StrLen:83, BufLen:256
19/05/26 14:50:15:144 - TACBrLibPosPrinter.PrecisaCriptografar(PosPrinter,ArqLog)
19/05/26 14:50:15:144 - TACBrLibPosPrinter.PrecisaCriptografar - Feito Result: False
19/05/26 14:50:15:144 -    Valor:C:\DEV\C#\ACBr\Fiserv\CliSiTef\src\ACBr.CliSiTef.Demo\bin\Debug\Logs\PosPrinter.log, len:83
19/05/26 14:50:15:145 -    SetRetorno(0, C:\DEV\C#\ACBr\Fiserv\CliSiTef\src\ACBr.CliSiTef.Demo\bin\Debug\Logs\PosPrinter.log)
19/05/26 14:50:15:145 - LIB_ConfigGravar()
19/05/26 14:50:15:146 - Travar
19/05/26 14:50:15:146 - TLibPosPrinterConfig.Gravar: C:\DEV\C#\ACBr\Fiserv\CliSiTef\src\ACBr.CliSiTef.Demo\bin\Debug\ACBrLib.ini
19/05/26 14:50:15:148 - TLibPosPrinterConfig.Gravar - Feito
19/05/26 14:50:15:148 - Destravar
19/05/26 14:50:15:149 -    SetRetorno(0, )
19/05/26 14:50:15:149 - LIB_ConfigLer()
19/05/26 14:50:15:149 - Travar
19/05/26 14:50:15:150 - TLibPosPrinterConfig.Ler: C:\DEV\C#\ACBr\Fiserv\CliSiTef\src\ACBr.CliSiTef.Demo\bin\Debug\ACBrLib.ini
19/05/26 14:50:15:151 - TLibPosPrinterConfig.AplicarConfiguracoes: C:\DEV\C#\ACBr\Fiserv\CliSiTef\src\ACBr.CliSiTef.Demo\bin\Debug\ACBrLib.ini
19/05/26 14:50:15:151 - Travar
19/05/26 14:50:15:151 - TLibPosPrinterConfig.AplicarConfiguracoes - Feito
19/05/26 14:50:15:152 - Destravar
19/05/26 14:50:15:152 - TLibPosPrinterConfig.Ler - Feito
19/05/26 14:50:15:152 - Destravar
19/05/26 14:50:15:153 -    SetRetorno(0, )
19/05/26 14:50:15:194 - LIB_ConfigLer()
19/05/26 14:50:15:195 - Travar
19/05/26 14:50:15:195 - TLibPosPrinterConfig.Ler: C:\DEV\C#\ACBr\Fiserv\CliSiTef\src\ACBr.CliSiTef.Demo\bin\Debug\ACBrLib.ini
19/05/26 14:50:15:196 - TLibPosPrinterConfig.AplicarConfiguracoes: C:\DEV\C#\ACBr\Fiserv\CliSiTef\src\ACBr.CliSiTef.Demo\bin\Debug\ACBrLib.ini
19/05/26 14:50:15:196 - Travar
19/05/26 14:50:15:197 - TLibPosPrinterConfig.AplicarConfiguracoes - Feito
19/05/26 14:50:15:197 - Destravar
19/05/26 14:50:15:198 - TLibPosPrinterConfig.Ler - Feito
19/05/26 14:50:15:198 - Destravar
19/05/26 14:50:15:198 -    SetRetorno(0, )
19/05/26 14:50:15:200 - LIB_ConfigLerValor(PosPrinter, Modelo)
19/05/26 14:50:15:200 - TACBrLibPosPrinter.PrecisaCriptografar(PosPrinter,Modelo)
19/05/26 14:50:15:201 - TACBrLibPosPrinter.PrecisaCriptografar - Feito Result: False
19/05/26 14:50:15:201 - TLibPosPrinterConfig.AjustarValor(tfLer,PosPrinter,Modelo,1)
19/05/26 14:50:15:202 - TLibPosPrinterConfig.AjustarValor - Feito
19/05/26 14:50:15:202 -    MoverStringParaPChar. StrLen:1, BufLen:256
19/05/26 14:50:15:202 - TACBrLibPosPrinter.PrecisaCriptografar(PosPrinter,Modelo)
19/05/26 14:50:15:203 - TACBrLibPosPrinter.PrecisaCriptografar - Feito Result: False
19/05/26 14:50:15:203 -    Valor:1, len:1
19/05/26 14:50:15:204 -    SetRetorno(0, 1)
19/05/26 14:50:15:212 - LIB_ConfigLerValor(PosPrinter, PaginaDeCodigo)
19/05/26 14:50:15:212 - TACBrLibPosPrinter.PrecisaCriptografar(PosPrinter,PaginaDeCodigo)
19/05/26 14:50:15:213 - TACBrLibPosPrinter.PrecisaCriptografar - Feito Result: False
19/05/26 14:50:15:213 - TLibPosPrinterConfig.AjustarValor(tfLer,PosPrinter,PaginaDeCodigo,2)
19/05/26 14:50:15:214 - TLibPosPrinterConfig.AjustarValor - Feito
19/05/26 14:50:15:214 -    MoverStringParaPChar. StrLen:1, BufLen:256
19/05/26 14:50:15:215 - TACBrLibPosPrinter.PrecisaCriptografar(PosPrinter,PaginaDeCodigo)
19/05/26 14:50:15:215 - TACBrLibPosPrinter.PrecisaCriptografar - Feito Result: False
19/05/26 14:50:15:215 -    Valor:2, len:1
19/05/26 14:50:15:216 -    SetRetorno(0, 2)
19/05/26 14:50:15:218 - POS_AcharPortas
19/05/26 14:50:15:219 - Travar
19/05/26 14:50:15:357 -    MoverStringParaPChar. StrLen:100, BufLen:256
19/05/26 14:50:15:358 -    SetRetorno(0, COM7||USB:Elgin, I9||RAW:ELGIN i9(USB)|RAW:Microsoft Print to PDF|RAW:Canon G6000 series (Copiar 1)|)
19/05/26 14:50:15:358 - Destravar
19/05/26 14:50:15:361 - LIB_ConfigLerValor(PosPrinter, Porta)
19/05/26 14:50:15:362 - TACBrLibPosPrinter.PrecisaCriptografar(PosPrinter,Porta)
19/05/26 14:50:15:362 - TACBrLibPosPrinter.PrecisaCriptografar - Feito Result: False
19/05/26 14:50:15:362 - TLibPosPrinterConfig.AjustarValor(tfLer,PosPrinter,Porta,RAW:ELGIN i9(USB))
19/05/26 14:50:15:363 - TLibPosPrinterConfig.AjustarValor - Feito
19/05/26 14:50:15:364 -    MoverStringParaPChar. StrLen:17, BufLen:256
19/05/26 14:50:15:364 - TACBrLibPosPrinter.PrecisaCriptografar(PosPrinter,Porta)
19/05/26 14:50:15:364 - TACBrLibPosPrinter.PrecisaCriptografar - Feito Result: False
19/05/26 14:50:15:365 -    Valor:RAW:ELGIN i9(USB), len:17
19/05/26 14:50:15:366 -    SetRetorno(0, RAW:ELGIN i9(USB))
19/05/26 14:50:15:366 - LIB_ConfigLerValor(PosPrinter, Porta)
19/05/26 14:50:15:367 - TACBrLibPosPrinter.PrecisaCriptografar(PosPrinter,Porta)
19/05/26 14:50:15:367 - TACBrLibPosPrinter.PrecisaCriptografar - Feito Result: False
19/05/26 14:50:15:368 - TLibPosPrinterConfig.AjustarValor(tfLer,PosPrinter,Porta,RAW:ELGIN i9(USB))
19/05/26 14:50:15:368 - TLibPosPrinterConfig.AjustarValor - Feito
19/05/26 14:50:15:369 -    MoverStringParaPChar. StrLen:17, BufLen:256
19/05/26 14:50:15:369 - TACBrLibPosPrinter.PrecisaCriptografar(PosPrinter,Porta)
19/05/26 14:50:15:370 - TACBrLibPosPrinter.PrecisaCriptografar - Feito Result: False
19/05/26 14:50:15:370 -    Valor:RAW:ELGIN i9(USB), len:17
19/05/26 14:50:15:370 -    SetRetorno(0, RAW:ELGIN i9(USB))
19/05/26 14:50:15:372 - LIB_ConfigLerValor(PosPrinter, Porta)
19/05/26 14:50:15:372 - TACBrLibPosPrinter.PrecisaCriptografar(PosPrinter,Porta)
19/05/26 14:50:15:373 - TACBrLibPosPrinter.PrecisaCriptografar - Feito Result: False
19/05/26 14:50:15:373 - TLibPosPrinterConfig.AjustarValor(tfLer,PosPrinter,Porta,RAW:ELGIN i9(USB))
19/05/26 14:50:15:374 - TLibPosPrinterConfig.AjustarValor - Feito
19/05/26 14:50:15:374 -    MoverStringParaPChar. StrLen:17, BufLen:256
19/05/26 14:50:15:375 - TACBrLibPosPrinter.PrecisaCriptografar(PosPrinter,Porta)
19/05/26 14:50:15:375 - TACBrLibPosPrinter.PrecisaCriptografar - Feito Result: False
19/05/26 14:50:15:376 -    Valor:RAW:ELGIN i9(USB), len:17
19/05/26 14:50:15:376 -    SetRetorno(0, RAW:ELGIN i9(USB))
19/05/26 14:50:15:378 - LIB_ConfigLerValor(PosPrinter, ColunasFonteNormal)
19/05/26 14:50:15:378 - TACBrLibPosPrinter.PrecisaCriptografar(PosPrinter,ColunasFonteNormal)
19/05/26 14:50:15:378 - TACBrLibPosPrinter.PrecisaCriptografar - Feito Result: False
19/05/26 14:50:15:379 - TLibPosPrinterConfig.AjustarValor(tfLer,PosPrinter,ColunasFonteNormal,48)
19/05/26 14:50:15:379 - TLibPosPrinterConfig.AjustarValor - Feito
19/05/26 14:50:15:380 -    MoverStringParaPChar. StrLen:2, BufLen:256
19/05/26 14:50:15:380 - TACBrLibPosPrinter.PrecisaCriptografar(PosPrinter,ColunasFonteNormal)
19/05/26 14:50:15:381 - TACBrLibPosPrinter.PrecisaCriptografar - Feito Result: False
19/05/26 14:50:15:381 -    Valor:48, len:2
19/05/26 14:50:15:382 -    SetRetorno(0, 48)
19/05/26 14:50:15:384 - LIB_ConfigLerValor(PosPrinter, EspacoEntreLinhas)
19/05/26 14:50:15:385 - TACBrLibPosPrinter.PrecisaCriptografar(PosPrinter,EspacoEntreLinhas)
19/05/26 14:50:15:385 - TACBrLibPosPrinter.PrecisaCriptografar - Feito Result: False
19/05/26 14:50:15:385 - TLibPosPrinterConfig.AjustarValor(tfLer,PosPrinter,EspacoEntreLinhas,0)
19/05/26 14:50:15:386 - TLibPosPrinterConfig.AjustarValor - Feito
19/05/26 14:50:15:387 -    MoverStringParaPChar. StrLen:1, BufLen:256
19/05/26 14:50:15:387 - TACBrLibPosPrinter.PrecisaCriptografar(PosPrinter,EspacoEntreLinhas)
19/05/26 14:50:15:387 - TACBrLibPosPrinter.PrecisaCriptografar - Feito Result: False
19/05/26 14:50:15:388 -    Valor:0, len:1
19/05/26 14:50:15:388 -    SetRetorno(0, 0)
19/05/26 14:50:15:389 - LIB_ConfigLerValor(PosPrinter, LinhasBuffer)
19/05/26 14:50:15:390 - TACBrLibPosPrinter.PrecisaCriptografar(PosPrinter,LinhasBuffer)
19/05/26 14:50:15:390 - TACBrLibPosPrinter.PrecisaCriptografar - Feito Result: False
19/05/26 14:50:15:391 - TLibPosPrinterConfig.AjustarValor(tfLer,PosPrinter,LinhasBuffer,0)
19/05/26 14:50:15:391 - TLibPosPrinterConfig.AjustarValor - Feito
19/05/26 14:50:15:391 -    MoverStringParaPChar. StrLen:1, BufLen:256
19/05/26 14:50:15:392 - TACBrLibPosPrinter.PrecisaCriptografar(PosPrinter,LinhasBuffer)
19/05/26 14:50:15:392 - TACBrLibPosPrinter.PrecisaCriptografar - Feito Result: False
19/05/26 14:50:15:392 -    Valor:0, len:1
19/05/26 14:50:15:393 -    SetRetorno(0, 0)
19/05/26 14:50:15:393 - LIB_ConfigLerValor(PosPrinter, LinhasEntreCupons)
19/05/26 14:50:15:394 - TACBrLibPosPrinter.PrecisaCriptografar(PosPrinter,LinhasEntreCupons)
19/05/26 14:50:15:394 - TACBrLibPosPrinter.PrecisaCriptografar - Feito Result: False
19/05/26 14:50:15:395 - TLibPosPrinterConfig.AjustarValor(tfLer,PosPrinter,LinhasEntreCupons,3)
19/05/26 14:50:15:395 - TLibPosPrinterConfig.AjustarValor - Feito
19/05/26 14:50:15:396 -    MoverStringParaPChar. StrLen:1, BufLen:256
19/05/26 14:50:15:396 - TACBrLibPosPrinter.PrecisaCriptografar(PosPrinter,LinhasEntreCupons)
19/05/26 14:50:15:397 - TACBrLibPosPrinter.PrecisaCriptografar - Feito Result: False
19/05/26 14:50:15:397 -    Valor:3, len:1
19/05/26 14:50:15:397 -    SetRetorno(0, 3)
19/05/26 14:50:15:399 - LIB_ConfigLerValor(PosPrinter, ControlePorta)
19/05/26 14:50:15:399 - TACBrLibPosPrinter.PrecisaCriptografar(PosPrinter,ControlePorta)
19/05/26 14:50:15:400 - TACBrLibPosPrinter.PrecisaCriptografar - Feito Result: False
19/05/26 14:50:15:400 - TLibPosPrinterConfig.AjustarValor(tfLer,PosPrinter,ControlePorta,0)
19/05/26 14:50:15:401 - TLibPosPrinterConfig.AjustarValor - Feito
19/05/26 14:50:15:401 -    MoverStringParaPChar. StrLen:1, BufLen:256
19/05/26 14:50:15:401 - TACBrLibPosPrinter.PrecisaCriptografar(PosPrinter,ControlePorta)
19/05/26 14:50:15:402 - TACBrLibPosPrinter.PrecisaCriptografar - Feito Result: False
19/05/26 14:50:15:403 -    Valor:0, len:1
19/05/26 14:50:15:403 -    SetRetorno(0, 0)
19/05/26 14:50:15:404 - LIB_ConfigLerValor(PosPrinter, CortaPapel)
19/05/26 14:50:15:405 - TACBrLibPosPrinter.PrecisaCriptografar(PosPrinter,CortaPapel)
19/05/26 14:50:15:405 - TACBrLibPosPrinter.PrecisaCriptografar - Feito Result: False
19/05/26 14:50:15:406 - TLibPosPrinterConfig.AjustarValor(tfLer,PosPrinter,CortaPapel,1)
19/05/26 14:50:15:406 - TLibPosPrinterConfig.AjustarValor - Feito
19/05/26 14:50:15:407 -    MoverStringParaPChar. StrLen:1, BufLen:256
19/05/26 14:50:15:407 - TACBrLibPosPrinter.PrecisaCriptografar(PosPrinter,CortaPapel)
19/05/26 14:50:15:408 - TACBrLibPosPrinter.PrecisaCriptografar - Feito Result: False
19/05/26 14:50:15:408 -    Valor:1, len:1
19/05/26 14:50:15:408 -    SetRetorno(0, 1)
19/05/26 14:50:15:409 - LIB_ConfigLerValor(PosPrinter, TraduzirTags)
19/05/26 14:50:15:409 - TACBrLibPosPrinter.PrecisaCriptografar(PosPrinter,TraduzirTags)
19/05/26 14:50:15:410 - TACBrLibPosPrinter.PrecisaCriptografar - Feito Result: False
19/05/26 14:50:15:410 - TLibPosPrinterConfig.AjustarValor(tfLer,PosPrinter,TraduzirTags,1)
19/05/26 14:50:15:411 - TLibPosPrinterConfig.AjustarValor - Feito
19/05/26 14:50:15:411 -    MoverStringParaPChar. StrLen:1, BufLen:256
19/05/26 14:50:15:412 - TACBrLibPosPrinter.PrecisaCriptografar(PosPrinter,TraduzirTags)
19/05/26 14:50:15:412 - TACBrLibPosPrinter.PrecisaCriptografar - Feito Result: False
19/05/26 14:50:15:412 -    Valor:1, len:1
19/05/26 14:50:15:412 -    SetRetorno(0, 1)
19/05/26 14:50:15:413 - LIB_ConfigLerValor(PosPrinter, IgnorarTags)
19/05/26 14:50:15:414 - TACBrLibPosPrinter.PrecisaCriptografar(PosPrinter,IgnorarTags)
19/05/26 14:50:15:414 - TACBrLibPosPrinter.PrecisaCriptografar - Feito Result: False
19/05/26 14:50:15:415 - TLibPosPrinterConfig.AjustarValor(tfLer,PosPrinter,IgnorarTags,0)
19/05/26 14:50:15:415 - TLibPosPrinterConfig.AjustarValor - Feito
19/05/26 14:50:15:416 -    MoverStringParaPChar. StrLen:1, BufLen:256
19/05/26 14:50:15:416 - TACBrLibPosPrinter.PrecisaCriptografar(PosPrinter,IgnorarTags)
19/05/26 14:50:15:417 - TACBrLibPosPrinter.PrecisaCriptografar - Feito Result: False
19/05/26 14:50:15:417 -    Valor:0, len:1
19/05/26 14:50:15:418 -    SetRetorno(0, 0)
19/05/26 14:50:15:419 - LIB_ConfigLerValor(PosPrinter, ArqLog)
19/05/26 14:50:15:419 - TACBrLibPosPrinter.PrecisaCriptografar(PosPrinter,ArqLog)
19/05/26 14:50:15:420 - TACBrLibPosPrinter.PrecisaCriptografar - Feito Result: False
19/05/26 14:50:15:420 - TLibPosPrinterConfig.AjustarValor(tfLer,PosPrinter,ArqLog,C:\DEV\C#\ACBr\Fiserv\CliSiTef\src\ACBr.CliSiTef.Demo\bin\Debug\Logs\PosPrinter.log)
19/05/26 14:50:15:420 - TLibPosPrinterConfig.AjustarValor - Feito
19/05/26 14:50:15:422 -    MoverStringParaPChar. StrLen:83, BufLen:256
19/05/26 14:50:15:423 - TACBrLibPosPrinter.PrecisaCriptografar(PosPrinter,ArqLog)
19/05/26 14:50:15:423 - TACBrLibPosPrinter.PrecisaCriptografar - Feito Result: False
19/05/26 14:50:15:423 -    Valor:C:\DEV\C#\ACBr\Fiserv\CliSiTef\src\ACBr.CliSiTef.Demo\bin\Debug\Logs\PosPrinter.log, len:83
19/05/26 14:50:15:424 -    SetRetorno(0, C:\DEV\C#\ACBr\Fiserv\CliSiTef\src\ACBr.CliSiTef.Demo\bin\Debug\Logs\PosPrinter.log)
19/05/26 14:50:25:820 - TACBrLibPosPrinter.PrecisaCriptografar(PosPrinter,Modelo)
19/05/26 14:50:25:821 - TACBrLibPosPrinter.PrecisaCriptografar - Feito Result: False
19/05/26 14:50:25:821 - LIB_ConfigGravarValor(PosPrinter, Modelo, 1)
19/05/26 14:50:25:822 - TACBrLibPosPrinter.PrecisaCriptografar(PosPrinter,Modelo)
19/05/26 14:50:25:823 - TACBrLibPosPrinter.PrecisaCriptografar - Feito Result: False
19/05/26 14:50:25:823 - TLibPosPrinterConfig.AjustarValor(tfGravar,PosPrinter,Modelo,1)
19/05/26 14:50:25:824 - TLibPosPrinterConfig.AjustarValor - Feito
19/05/26 14:50:25:824 - TLibPosPrinterConfig.AplicarConfiguracoes: C:\DEV\C#\ACBr\Fiserv\CliSiTef\src\ACBr.CliSiTef.Demo\bin\Debug\ACBrLib.ini
19/05/26 14:50:25:825 - Travar
19/05/26 14:50:25:825 - TLibPosPrinterConfig.AplicarConfiguracoes - Feito
19/05/26 14:50:25:826 - Destravar
19/05/26 14:50:25:826 -    SetRetorno(0, )
19/05/26 14:50:25:827 - TACBrLibPosPrinter.PrecisaCriptografar(PosPrinter,Porta)
19/05/26 14:50:25:827 - TACBrLibPosPrinter.PrecisaCriptografar - Feito Result: False
19/05/26 14:50:25:828 - LIB_ConfigGravarValor(PosPrinter, Porta, RAW:ELGIN i9(USB))
19/05/26 14:50:25:828 - TACBrLibPosPrinter.PrecisaCriptografar(PosPrinter,Porta)
19/05/26 14:50:25:829 - TACBrLibPosPrinter.PrecisaCriptografar - Feito Result: False
19/05/26 14:50:25:829 - TLibPosPrinterConfig.AjustarValor(tfGravar,PosPrinter,Porta,RAW:ELGIN i9(USB))
19/05/26 14:50:25:830 - TLibPosPrinterConfig.AjustarValor - Feito
19/05/26 14:50:25:830 - TLibPosPrinterConfig.AplicarConfiguracoes: C:\DEV\C#\ACBr\Fiserv\CliSiTef\src\ACBr.CliSiTef.Demo\bin\Debug\ACBrLib.ini
19/05/26 14:50:25:831 - Travar
19/05/26 14:50:25:831 - TLibPosPrinterConfig.AplicarConfiguracoes - Feito
19/05/26 14:50:25:831 - Destravar
19/05/26 14:50:25:831 -    SetRetorno(0, )
19/05/26 14:50:25:832 - TACBrLibPosPrinter.PrecisaCriptografar(PosPrinter,ColunasFonteNormal)
19/05/26 14:50:25:833 - TACBrLibPosPrinter.PrecisaCriptografar - Feito Result: False
19/05/26 14:50:25:833 - LIB_ConfigGravarValor(PosPrinter, ColunasFonteNormal, 48)
19/05/26 14:50:25:834 - TACBrLibPosPrinter.PrecisaCriptografar(PosPrinter,ColunasFonteNormal)
19/05/26 14:50:25:834 - TACBrLibPosPrinter.PrecisaCriptografar - Feito Result: False
19/05/26 14:50:25:835 - TLibPosPrinterConfig.AjustarValor(tfGravar,PosPrinter,ColunasFonteNormal,48)
19/05/26 14:50:25:836 - TLibPosPrinterConfig.AjustarValor - Feito
19/05/26 14:50:25:836 - TLibPosPrinterConfig.AplicarConfiguracoes: C:\DEV\C#\ACBr\Fiserv\CliSiTef\src\ACBr.CliSiTef.Demo\bin\Debug\ACBrLib.ini
19/05/26 14:50:25:837 - Travar
19/05/26 14:50:25:837 - TLibPosPrinterConfig.AplicarConfiguracoes - Feito
19/05/26 14:50:25:838 - Destravar
19/05/26 14:50:25:838 -    SetRetorno(0, )
19/05/26 14:50:25:839 - TACBrLibPosPrinter.PrecisaCriptografar(PosPrinter,EspacoEntreLinhas)
19/05/26 14:50:25:839 - TACBrLibPosPrinter.PrecisaCriptografar - Feito Result: False
19/05/26 14:50:25:840 - LIB_ConfigGravarValor(PosPrinter, EspacoEntreLinhas, 0)
19/05/26 14:50:25:840 - TACBrLibPosPrinter.PrecisaCriptografar(PosPrinter,EspacoEntreLinhas)
19/05/26 14:50:25:840 - TACBrLibPosPrinter.PrecisaCriptografar - Feito Result: False
19/05/26 14:50:25:841 - TLibPosPrinterConfig.AjustarValor(tfGravar,PosPrinter,EspacoEntreLinhas,0)
19/05/26 14:50:25:841 - TLibPosPrinterConfig.AjustarValor - Feito
19/05/26 14:50:25:842 - TLibPosPrinterConfig.AplicarConfiguracoes: C:\DEV\C#\ACBr\Fiserv\CliSiTef\src\ACBr.CliSiTef.Demo\bin\Debug\ACBrLib.ini
19/05/26 14:50:25:842 - Travar
19/05/26 14:50:25:844 - TLibPosPrinterConfig.AplicarConfiguracoes - Feito
19/05/26 14:50:25:844 - Destravar
19/05/26 14:50:25:845 -    SetRetorno(0, )
19/05/26 14:50:25:845 - TACBrLibPosPrinter.PrecisaCriptografar(PosPrinter,LinhasBuffer)
19/05/26 14:50:25:846 - TACBrLibPosPrinter.PrecisaCriptografar - Feito Result: False
19/05/26 14:50:25:846 - LIB_ConfigGravarValor(PosPrinter, LinhasBuffer, 0)
19/05/26 14:50:25:847 - TACBrLibPosPrinter.PrecisaCriptografar(PosPrinter,LinhasBuffer)
19/05/26 14:50:25:847 - TACBrLibPosPrinter.PrecisaCriptografar - Feito Result: False
19/05/26 14:50:25:848 - TLibPosPrinterConfig.AjustarValor(tfGravar,PosPrinter,LinhasBuffer,0)
19/05/26 14:50:25:848 - TLibPosPrinterConfig.AjustarValor - Feito
19/05/26 14:50:25:849 - TLibPosPrinterConfig.AplicarConfiguracoes: C:\DEV\C#\ACBr\Fiserv\CliSiTef\src\ACBr.CliSiTef.Demo\bin\Debug\ACBrLib.ini
19/05/26 14:50:25:849 - Travar
19/05/26 14:50:25:850 - TLibPosPrinterConfig.AplicarConfiguracoes - Feito
19/05/26 14:50:25:850 - Destravar
19/05/26 14:50:25:851 -    SetRetorno(0, )
19/05/26 14:50:25:851 - TACBrLibPosPrinter.PrecisaCriptografar(PosPrinter,LinhasEntreCupons)
19/05/26 14:50:25:851 - TACBrLibPosPrinter.PrecisaCriptografar - Feito Result: False
19/05/26 14:50:25:851 - LIB_ConfigGravarValor(PosPrinter, LinhasEntreCupons, 3)
19/05/26 14:50:25:852 - TACBrLibPosPrinter.PrecisaCriptografar(PosPrinter,LinhasEntreCupons)
19/05/26 14:50:25:852 - TACBrLibPosPrinter.PrecisaCriptografar - Feito Result: False
19/05/26 14:50:25:853 - TLibPosPrinterConfig.AjustarValor(tfGravar,PosPrinter,LinhasEntreCupons,3)
19/05/26 14:50:25:853 - TLibPosPrinterConfig.AjustarValor - Feito
19/05/26 14:50:25:854 - TLibPosPrinterConfig.AplicarConfiguracoes: C:\DEV\C#\ACBr\Fiserv\CliSiTef\src\ACBr.CliSiTef.Demo\bin\Debug\ACBrLib.ini
19/05/26 14:50:25:854 - Travar
19/05/26 14:50:25:855 - TLibPosPrinterConfig.AplicarConfiguracoes - Feito
19/05/26 14:50:25:855 - Destravar
19/05/26 14:50:25:856 -    SetRetorno(0, )
19/05/26 14:50:25:856 - TACBrLibPosPrinter.PrecisaCriptografar(PosPrinter,ControlePorta)
19/05/26 14:50:25:857 - TACBrLibPosPrinter.PrecisaCriptografar - Feito Result: False
19/05/26 14:50:25:857 - LIB_ConfigGravarValor(PosPrinter, ControlePorta, 0)
19/05/26 14:50:25:858 - TACBrLibPosPrinter.PrecisaCriptografar(PosPrinter,ControlePorta)
19/05/26 14:50:25:858 - TACBrLibPosPrinter.PrecisaCriptografar - Feito Result: False
19/05/26 14:50:25:859 - TLibPosPrinterConfig.AjustarValor(tfGravar,PosPrinter,ControlePorta,0)
19/05/26 14:50:25:859 - TLibPosPrinterConfig.AjustarValor - Feito
19/05/26 14:50:25:860 - TLibPosPrinterConfig.AplicarConfiguracoes: C:\DEV\C#\ACBr\Fiserv\CliSiTef\src\ACBr.CliSiTef.Demo\bin\Debug\ACBrLib.ini
19/05/26 14:50:25:860 - Travar
19/05/26 14:50:25:860 - TLibPosPrinterConfig.AplicarConfiguracoes - Feito
19/05/26 14:50:25:862 - Destravar
19/05/26 14:50:25:862 -    SetRetorno(0, )
19/05/26 14:50:25:863 - TACBrLibPosPrinter.PrecisaCriptografar(PosPrinter,CortaPapel)
19/05/26 14:50:25:863 - TACBrLibPosPrinter.PrecisaCriptografar - Feito Result: False
19/05/26 14:50:25:864 - LIB_ConfigGravarValor(PosPrinter, CortaPapel, 1)
19/05/26 14:50:25:864 - TACBrLibPosPrinter.PrecisaCriptografar(PosPrinter,CortaPapel)
19/05/26 14:50:25:865 - TACBrLibPosPrinter.PrecisaCriptografar - Feito Result: False
19/05/26 14:50:25:865 - TLibPosPrinterConfig.AjustarValor(tfGravar,PosPrinter,CortaPapel,1)
19/05/26 14:50:25:866 - TLibPosPrinterConfig.AjustarValor - Feito
19/05/26 14:50:25:866 - TLibPosPrinterConfig.AplicarConfiguracoes: C:\DEV\C#\ACBr\Fiserv\CliSiTef\src\ACBr.CliSiTef.Demo\bin\Debug\ACBrLib.ini
19/05/26 14:50:25:867 - Travar
19/05/26 14:50:25:867 - TLibPosPrinterConfig.AplicarConfiguracoes - Feito
19/05/26 14:50:25:868 - Destravar
19/05/26 14:50:25:868 -    SetRetorno(0, )
19/05/26 14:50:25:869 - TACBrLibPosPrinter.PrecisaCriptografar(PosPrinter,TraduzirTags)
19/05/26 14:50:25:869 - TACBrLibPosPrinter.PrecisaCriptografar - Feito Result: False
19/05/26 14:50:25:870 - LIB_ConfigGravarValor(PosPrinter, TraduzirTags, 1)
19/05/26 14:50:25:870 - TACBrLibPosPrinter.PrecisaCriptografar(PosPrinter,TraduzirTags)
19/05/26 14:50:25:871 - TACBrLibPosPrinter.PrecisaCriptografar - Feito Result: False
19/05/26 14:50:25:871 - TLibPosPrinterConfig.AjustarValor(tfGravar,PosPrinter,TraduzirTags,1)
19/05/26 14:50:25:872 - TLibPosPrinterConfig.AjustarValor - Feito
19/05/26 14:50:25:872 - TLibPosPrinterConfig.AplicarConfiguracoes: C:\DEV\C#\ACBr\Fiserv\CliSiTef\src\ACBr.CliSiTef.Demo\bin\Debug\ACBrLib.ini
19/05/26 14:50:25:872 - Travar
19/05/26 14:50:25:873 - TLibPosPrinterConfig.AplicarConfiguracoes - Feito
19/05/26 14:50:25:873 - Destravar
19/05/26 14:50:25:874 -    SetRetorno(0, )
19/05/26 14:50:25:875 - TACBrLibPosPrinter.PrecisaCriptografar(PosPrinter,IgnorarTags)
19/05/26 14:50:25:875 - TACBrLibPosPrinter.PrecisaCriptografar - Feito Result: False
19/05/26 14:50:25:876 - LIB_ConfigGravarValor(PosPrinter, IgnorarTags, 0)
19/05/26 14:50:25:876 - TACBrLibPosPrinter.PrecisaCriptografar(PosPrinter,IgnorarTags)
19/05/26 14:50:25:876 - TACBrLibPosPrinter.PrecisaCriptografar - Feito Result: False
19/05/26 14:50:25:877 - TLibPosPrinterConfig.AjustarValor(tfGravar,PosPrinter,IgnorarTags,0)
19/05/26 14:50:25:877 - TLibPosPrinterConfig.AjustarValor - Feito
19/05/26 14:50:25:878 - TLibPosPrinterConfig.AplicarConfiguracoes: C:\DEV\C#\ACBr\Fiserv\CliSiTef\src\ACBr.CliSiTef.Demo\bin\Debug\ACBrLib.ini
19/05/26 14:50:25:878 - Travar
19/05/26 14:50:25:879 - TLibPosPrinterConfig.AplicarConfiguracoes - Feito
19/05/26 14:50:25:879 - Destravar
19/05/26 14:50:25:880 -    SetRetorno(0, )
19/05/26 14:50:25:880 - TACBrLibPosPrinter.PrecisaCriptografar(PosPrinter,ArqLog)
19/05/26 14:50:25:881 - TACBrLibPosPrinter.PrecisaCriptografar - Feito Result: False
19/05/26 14:50:25:881 - LIB_ConfigGravarValor(PosPrinter, ArqLog, C:\DEV\C#\ACBr\Fiserv\CliSiTef\src\ACBr.CliSiTef.Demo\bin\Debug\Logs\PosPrinter.log)
19/05/26 14:50:25:882 - TACBrLibPosPrinter.PrecisaCriptografar(PosPrinter,ArqLog)
19/05/26 14:50:25:882 - TACBrLibPosPrinter.PrecisaCriptografar - Feito Result: False
19/05/26 14:50:25:882 - TLibPosPrinterConfig.AjustarValor(tfGravar,PosPrinter,ArqLog,C:\DEV\C#\ACBr\Fiserv\CliSiTef\src\ACBr.CliSiTef.Demo\bin\Debug\Logs\PosPrinter.log)
19/05/26 14:50:25:883 - TLibPosPrinterConfig.AjustarValor - Feito
19/05/26 14:50:25:883 - TLibPosPrinterConfig.AplicarConfiguracoes: C:\DEV\C#\ACBr\Fiserv\CliSiTef\src\ACBr.CliSiTef.Demo\bin\Debug\ACBrLib.ini
19/05/26 14:50:25:883 - Travar
19/05/26 14:50:25:885 - TLibPosPrinterConfig.AplicarConfiguracoes - Feito
19/05/26 14:50:25:885 - Destravar
19/05/26 14:50:25:886 -    SetRetorno(0, )
19/05/26 14:50:25:887 - TACBrLibPosPrinter.PrecisaCriptografar(PosPrinter,PaginaDeCodigo)
19/05/26 14:50:25:887 - TACBrLibPosPrinter.PrecisaCriptografar - Feito Result: False
19/05/26 14:50:25:888 - LIB_ConfigGravarValor(PosPrinter, PaginaDeCodigo, 2)
19/05/26 14:50:25:888 - TACBrLibPosPrinter.PrecisaCriptografar(PosPrinter,PaginaDeCodigo)
19/05/26 14:50:25:888 - TACBrLibPosPrinter.PrecisaCriptografar - Feito Result: False
19/05/26 14:50:25:889 - TLibPosPrinterConfig.AjustarValor(tfGravar,PosPrinter,PaginaDeCodigo,2)
19/05/26 14:50:25:889 - TLibPosPrinterConfig.AjustarValor - Feito
19/05/26 14:50:25:890 - TLibPosPrinterConfig.AplicarConfiguracoes: C:\DEV\C#\ACBr\Fiserv\CliSiTef\src\ACBr.CliSiTef.Demo\bin\Debug\ACBrLib.ini
19/05/26 14:50:25:890 - Travar
19/05/26 14:50:25:891 - TLibPosPrinterConfig.AplicarConfiguracoes - Feito
19/05/26 14:50:25:891 - Destravar
19/05/26 14:50:25:891 -    SetRetorno(0, )
19/05/26 14:50:25:892 - LIB_ConfigLerValor(PosPrinter, ArqLog)
19/05/26 14:50:25:893 - TACBrLibPosPrinter.PrecisaCriptografar(PosPrinter,ArqLog)
19/05/26 14:50:25:893 - TACBrLibPosPrinter.PrecisaCriptografar - Feito Result: False
19/05/26 14:50:25:893 - TLibPosPrinterConfig.AjustarValor(tfLer,PosPrinter,ArqLog,C:\DEV\C#\ACBr\Fiserv\CliSiTef\src\ACBr.CliSiTef.Demo\bin\Debug\Logs\PosPrinter.log)
19/05/26 14:50:25:894 - TLibPosPrinterConfig.AjustarValor - Feito
19/05/26 14:50:25:894 -    MoverStringParaPChar. StrLen:83, BufLen:256
19/05/26 14:50:25:895 - TACBrLibPosPrinter.PrecisaCriptografar(PosPrinter,ArqLog)
19/05/26 14:50:25:895 - TACBrLibPosPrinter.PrecisaCriptografar - Feito Result: False
19/05/26 14:50:25:896 -    Valor:C:\DEV\C#\ACBr\Fiserv\CliSiTef\src\ACBr.CliSiTef.Demo\bin\Debug\Logs\PosPrinter.log, len:83
19/05/26 14:50:25:896 -    SetRetorno(0, C:\DEV\C#\ACBr\Fiserv\CliSiTef\src\ACBr.CliSiTef.Demo\bin\Debug\Logs\PosPrinter.log)
19/05/26 14:50:25:897 - TACBrLibPosPrinter.PrecisaCriptografar(PosPrinter,ArqLog)
19/05/26 14:50:25:897 - TACBrLibPosPrinter.PrecisaCriptografar - Feito Result: False
19/05/26 14:50:25:897 - LIB_ConfigGravarValor(PosPrinter, ArqLog, C:\DEV\C#\ACBr\Fiserv\CliSiTef\src\ACBr.CliSiTef.Demo\bin\Debug\Logs\PosPrinter.log)
19/05/26 14:50:25:898 - TACBrLibPosPrinter.PrecisaCriptografar(PosPrinter,ArqLog)
19/05/26 14:50:25:898 - TACBrLibPosPrinter.PrecisaCriptografar - Feito Result: False
19/05/26 14:50:25:899 - TLibPosPrinterConfig.AjustarValor(tfGravar,PosPrinter,ArqLog,C:\DEV\C#\ACBr\Fiserv\CliSiTef\src\ACBr.CliSiTef.Demo\bin\Debug\Logs\PosPrinter.log)
19/05/26 14:50:25:899 - TLibPosPrinterConfig.AjustarValor - Feito
19/05/26 14:50:25:900 - TLibPosPrinterConfig.AplicarConfiguracoes: C:\DEV\C#\ACBr\Fiserv\CliSiTef\src\ACBr.CliSiTef.Demo\bin\Debug\ACBrLib.ini
19/05/26 14:50:25:900 - Travar
19/05/26 14:50:25:901 - TLibPosPrinterConfig.AplicarConfiguracoes - Feito
19/05/26 14:50:25:901 - Destravar
19/05/26 14:50:25:902 -    SetRetorno(0, )
19/05/26 14:50:25:902 - LIB_ConfigLerValor(PosPrinter, ArqLog)
19/05/26 14:50:25:903 - TACBrLibPosPrinter.PrecisaCriptografar(PosPrinter,ArqLog)
19/05/26 14:50:25:903 - TACBrLibPosPrinter.PrecisaCriptografar - Feito Result: False
19/05/26 14:50:25:904 - TLibPosPrinterConfig.AjustarValor(tfLer,PosPrinter,ArqLog,C:\DEV\C#\ACBr\Fiserv\CliSiTef\src\ACBr.CliSiTef.Demo\bin\Debug\Logs\PosPrinter.log)
19/05/26 14:50:25:904 - TLibPosPrinterConfig.AjustarValor - Feito
19/05/26 14:50:25:905 -    MoverStringParaPChar. StrLen:83, BufLen:256
19/05/26 14:50:25:905 - TACBrLibPosPrinter.PrecisaCriptografar(PosPrinter,ArqLog)
19/05/26 14:50:25:907 - TACBrLibPosPrinter.PrecisaCriptografar - Feito Result: False
19/05/26 14:50:25:908 -    Valor:C:\DEV\C#\ACBr\Fiserv\CliSiTef\src\ACBr.CliSiTef.Demo\bin\Debug\Logs\PosPrinter.log, len:83
19/05/26 14:50:25:908 -    SetRetorno(0, C:\DEV\C#\ACBr\Fiserv\CliSiTef\src\ACBr.CliSiTef.Demo\bin\Debug\Logs\PosPrinter.log)
19/05/26 14:50:25:909 - LIB_ConfigGravar()
19/05/26 14:50:25:909 - Travar
19/05/26 14:50:25:909 - TLibPosPrinterConfig.Gravar: C:\DEV\C#\ACBr\Fiserv\CliSiTef\src\ACBr.CliSiTef.Demo\bin\Debug\ACBrLib.ini
19/05/26 14:50:25:911 - TLibPosPrinterConfig.Gravar - Feito
19/05/26 14:50:25:911 - Destravar
19/05/26 14:50:25:912 -    SetRetorno(0, )
19/05/26 14:50:27:024 - LIB_ConfigLer()
19/05/26 14:50:27:024 - Travar
19/05/26 14:50:27:025 - TLibPosPrinterConfig.Ler: C:\DEV\C#\ACBr\Fiserv\CliSiTef\src\ACBr.CliSiTef.Demo\bin\Debug\ACBrLib.ini
19/05/26 14:50:27:026 - TLibPosPrinterConfig.AplicarConfiguracoes: C:\DEV\C#\ACBr\Fiserv\CliSiTef\src\ACBr.CliSiTef.Demo\bin\Debug\ACBrLib.ini
19/05/26 14:50:27:026 - Travar
19/05/26 14:50:27:027 - TLibPosPrinterConfig.AplicarConfiguracoes - Feito
19/05/26 14:50:27:028 - Destravar
19/05/26 14:50:27:028 - TLibPosPrinterConfig.Ler - Feito
19/05/26 14:50:27:029 - Destravar
19/05/26 14:50:27:029 -    SetRetorno(0, )
19/05/26 14:50:27:825 - LIB_ConfigLer()
19/05/26 14:50:27:826 - Travar
19/05/26 14:50:27:827 - TLibPosPrinterConfig.Ler: C:\DEV\C#\ACBr\Fiserv\CliSiTef\src\ACBr.CliSiTef.Demo\bin\Debug\ACBrLib.ini
19/05/26 14:50:27:828 - TLibPosPrinterConfig.AplicarConfiguracoes: C:\DEV\C#\ACBr\Fiserv\CliSiTef\src\ACBr.CliSiTef.Demo\bin\Debug\ACBrLib.ini
19/05/26 14:50:27:828 - Travar
19/05/26 14:50:27:829 - TLibPosPrinterConfig.AplicarConfiguracoes - Feito
19/05/26 14:50:27:829 - Destravar
19/05/26 14:50:27:829 - TLibPosPrinterConfig.Ler - Feito
19/05/26 14:50:27:830 - Destravar
19/05/26 14:50:27:830 -    SetRetorno(0, )
19/05/26 14:50:27:831 - LIB_ConfigLerValor(PosPrinter, Modelo)
19/05/26 14:50:27:831 - TACBrLibPosPrinter.PrecisaCriptografar(PosPrinter,Modelo)
19/05/26 14:50:27:832 - TACBrLibPosPrinter.PrecisaCriptografar - Feito Result: False
19/05/26 14:50:27:832 - TLibPosPrinterConfig.AjustarValor(tfLer,PosPrinter,Modelo,1)
19/05/26 14:50:27:832 - TLibPosPrinterConfig.AjustarValor - Feito
19/05/26 14:50:27:833 -    MoverStringParaPChar. StrLen:1, BufLen:256
19/05/26 14:50:27:833 - TACBrLibPosPrinter.PrecisaCriptografar(PosPrinter,Modelo)
19/05/26 14:50:27:834 - TACBrLibPosPrinter.PrecisaCriptografar - Feito Result: False
19/05/26 14:50:27:834 -    Valor:1, len:1
19/05/26 14:50:27:835 -    SetRetorno(0, 1)
19/05/26 14:50:27:835 - LIB_ConfigLerValor(PosPrinter, PaginaDeCodigo)
19/05/26 14:50:27:836 - TACBrLibPosPrinter.PrecisaCriptografar(PosPrinter,PaginaDeCodigo)
19/05/26 14:50:27:836 - TACBrLibPosPrinter.PrecisaCriptografar - Feito Result: False
19/05/26 14:50:27:837 - TLibPosPrinterConfig.AjustarValor(tfLer,PosPrinter,PaginaDeCodigo,2)
19/05/26 14:50:27:837 - TLibPosPrinterConfig.AjustarValor - Feito
19/05/26 14:50:27:837 -    MoverStringParaPChar. StrLen:1, BufLen:256
19/05/26 14:50:27:838 - TACBrLibPosPrinter.PrecisaCriptografar(PosPrinter,PaginaDeCodigo)
19/05/26 14:50:27:838 - TACBrLibPosPrinter.PrecisaCriptografar - Feito Result: False
19/05/26 14:50:27:839 -    Valor:2, len:1
19/05/26 14:50:27:839 -    SetRetorno(0, 2)
19/05/26 14:50:27:840 - POS_AcharPortas
19/05/26 14:50:27:840 - Travar
19/05/26 14:50:27:843 -    MoverStringParaPChar. StrLen:100, BufLen:256
19/05/26 14:50:27:844 -    SetRetorno(0, COM7||USB:Elgin, I9||RAW:ELGIN i9(USB)|RAW:Microsoft Print to PDF|RAW:Canon G6000 series (Copiar 1)|)
19/05/26 14:50:27:844 - Destravar
19/05/26 14:50:27:846 - LIB_ConfigLerValor(PosPrinter, Porta)
19/05/26 14:50:27:847 - TACBrLibPosPrinter.PrecisaCriptografar(PosPrinter,Porta)
19/05/26 14:50:27:847 - TACBrLibPosPrinter.PrecisaCriptografar - Feito Result: False
19/05/26 14:50:27:848 - TLibPosPrinterConfig.AjustarValor(tfLer,PosPrinter,Porta,RAW:ELGIN i9(USB))
19/05/26 14:50:27:848 - TLibPosPrinterConfig.AjustarValor - Feito
19/05/26 14:50:27:848 -    MoverStringParaPChar. StrLen:17, BufLen:256
19/05/26 14:50:27:849 - TACBrLibPosPrinter.PrecisaCriptografar(PosPrinter,Porta)
19/05/26 14:50:27:850 - TACBrLibPosPrinter.PrecisaCriptografar - Feito Result: False
19/05/26 14:50:27:851 -    Valor:RAW:ELGIN i9(USB), len:17
19/05/26 14:50:27:851 -    SetRetorno(0, RAW:ELGIN i9(USB))
19/05/26 14:50:27:852 - LIB_ConfigLerValor(PosPrinter, Porta)
19/05/26 14:50:27:852 - TACBrLibPosPrinter.PrecisaCriptografar(PosPrinter,Porta)
19/05/26 14:50:27:852 - TACBrLibPosPrinter.PrecisaCriptografar - Feito Result: False
19/05/26 14:50:27:853 - TLibPosPrinterConfig.AjustarValor(tfLer,PosPrinter,Porta,RAW:ELGIN i9(USB))
19/05/26 14:50:27:853 - TLibPosPrinterConfig.AjustarValor - Feito
19/05/26 14:50:27:854 -    MoverStringParaPChar. StrLen:17, BufLen:256
19/05/26 14:50:27:854 - TACBrLibPosPrinter.PrecisaCriptografar(PosPrinter,Porta)
19/05/26 14:50:27:855 - TACBrLibPosPrinter.PrecisaCriptografar - Feito Result: False
19/05/26 14:50:27:855 -    Valor:RAW:ELGIN i9(USB), len:17
19/05/26 14:50:27:856 -    SetRetorno(0, RAW:ELGIN i9(USB))
19/05/26 14:50:27:856 - LIB_ConfigLerValor(PosPrinter, Porta)
19/05/26 14:50:27:857 - TACBrLibPosPrinter.PrecisaCriptografar(PosPrinter,Porta)
19/05/26 14:50:27:858 - TACBrLibPosPrinter.PrecisaCriptografar - Feito Result: False
19/05/26 14:50:27:858 - TLibPosPrinterConfig.AjustarValor(tfLer,PosPrinter,Porta,RAW:ELGIN i9(USB))
19/05/26 14:50:27:859 - TLibPosPrinterConfig.AjustarValor - Feito
19/05/26 14:50:27:859 -    MoverStringParaPChar. StrLen:17, BufLen:256
19/05/26 14:50:27:860 - TACBrLibPosPrinter.PrecisaCriptografar(PosPrinter,Porta)
19/05/26 14:50:27:860 - TACBrLibPosPrinter.PrecisaCriptografar - Feito Result: False
19/05/26 14:50:27:860 -    Valor:RAW:ELGIN i9(USB), len:17
19/05/26 14:50:27:862 -    SetRetorno(0, RAW:ELGIN i9(USB))
19/05/26 14:50:27:862 - LIB_ConfigLerValor(PosPrinter, ColunasFonteNormal)
19/05/26 14:50:27:863 - TACBrLibPosPrinter.PrecisaCriptografar(PosPrinter,ColunasFonteNormal)
19/05/26 14:50:27:863 - TACBrLibPosPrinter.PrecisaCriptografar - Feito Result: False
19/05/26 14:50:27:863 - TLibPosPrinterConfig.AjustarValor(tfLer,PosPrinter,ColunasFonteNormal,48)
19/05/26 14:50:27:864 - TLibPosPrinterConfig.AjustarValor - Feito
19/05/26 14:50:27:864 -    MoverStringParaPChar. StrLen:2, BufLen:256
19/05/26 14:50:27:864 - TACBrLibPosPrinter.PrecisaCriptografar(PosPrinter,ColunasFonteNormal)
19/05/26 14:50:27:865 - TACBrLibPosPrinter.PrecisaCriptografar - Feito Result: False
19/05/26 14:50:27:865 -    Valor:48, len:2
19/05/26 14:50:27:866 -    SetRetorno(0, 48)
19/05/26 14:50:27:866 - LIB_ConfigLerValor(PosPrinter, EspacoEntreLinhas)
19/05/26 14:50:27:867 - TACBrLibPosPrinter.PrecisaCriptografar(PosPrinter,EspacoEntreLinhas)
19/05/26 14:50:27:867 - TACBrLibPosPrinter.PrecisaCriptografar - Feito Result: False
19/05/26 14:50:27:868 - TLibPosPrinterConfig.AjustarValor(tfLer,PosPrinter,EspacoEntreLinhas,0)
19/05/26 14:50:27:868 - TLibPosPrinterConfig.AjustarValor - Feito
19/05/26 14:50:27:869 -    MoverStringParaPChar. StrLen:1, BufLen:256
19/05/26 14:50:27:869 - TACBrLibPosPrinter.PrecisaCriptografar(PosPrinter,EspacoEntreLinhas)
19/05/26 14:50:27:869 - TACBrLibPosPrinter.PrecisaCriptografar - Feito Result: False
19/05/26 14:50:27:870 -    Valor:0, len:1
19/05/26 14:50:27:870 -    SetRetorno(0, 0)
19/05/26 14:50:27:870 - LIB_ConfigLerValor(PosPrinter, LinhasBuffer)
19/05/26 14:50:27:872 - TACBrLibPosPrinter.PrecisaCriptografar(PosPrinter,LinhasBuffer)
19/05/26 14:50:27:872 - TACBrLibPosPrinter.PrecisaCriptografar - Feito Result: False
19/05/26 14:50:27:873 - TLibPosPrinterConfig.AjustarValor(tfLer,PosPrinter,LinhasBuffer,0)
19/05/26 14:50:27:873 - TLibPosPrinterConfig.AjustarValor - Feito
19/05/26 14:50:27:874 -    MoverStringParaPChar. StrLen:1, BufLen:256
19/05/26 14:50:27:874 - TACBrLibPosPrinter.PrecisaCriptografar(PosPrinter,LinhasBuffer)
19/05/26 14:50:27:875 - TACBrLibPosPrinter.PrecisaCriptografar - Feito Result: False
19/05/26 14:50:27:876 -    Valor:0, len:1
19/05/26 14:50:27:876 -    SetRetorno(0, 0)
19/05/26 14:50:27:877 - LIB_ConfigLerValor(PosPrinter, LinhasEntreCupons)
19/05/26 14:50:27:877 - TACBrLibPosPrinter.PrecisaCriptografar(PosPrinter,LinhasEntreCupons)
19/05/26 14:50:27:878 - TACBrLibPosPrinter.PrecisaCriptografar - Feito Result: False
19/05/26 14:50:27:878 - TLibPosPrinterConfig.AjustarValor(tfLer,PosPrinter,LinhasEntreCupons,3)
19/05/26 14:50:27:879 - TLibPosPrinterConfig.AjustarValor - Feito
19/05/26 14:50:27:879 -    MoverStringParaPChar. StrLen:1, BufLen:256
19/05/26 14:50:27:880 - TACBrLibPosPrinter.PrecisaCriptografar(PosPrinter,LinhasEntreCupons)
19/05/26 14:50:27:880 - TACBrLibPosPrinter.PrecisaCriptografar - Feito Result: False
19/05/26 14:50:27:881 -    Valor:3, len:1
19/05/26 14:50:27:882 -    SetRetorno(0, 3)
19/05/26 14:50:27:882 - LIB_ConfigLerValor(PosPrinter, ControlePorta)
19/05/26 14:50:27:882 - TACBrLibPosPrinter.PrecisaCriptografar(PosPrinter,ControlePorta)
19/05/26 14:50:27:882 - TACBrLibPosPrinter.PrecisaCriptografar - Feito Result: False
19/05/26 14:50:27:883 - TLibPosPrinterConfig.AjustarValor(tfLer,PosPrinter,ControlePorta,0)
19/05/26 14:50:27:883 - TLibPosPrinterConfig.AjustarValor - Feito
19/05/26 14:50:27:884 -    MoverStringParaPChar. StrLen:1, BufLen:256
19/05/26 14:50:27:885 - TACBrLibPosPrinter.PrecisaCriptografar(PosPrinter,ControlePorta)
19/05/26 14:50:27:885 - TACBrLibPosPrinter.PrecisaCriptografar - Feito Result: False
19/05/26 14:50:27:886 -    Valor:0, len:1
19/05/26 14:50:27:886 -    SetRetorno(0, 0)
19/05/26 14:50:27:887 - LIB_ConfigLerValor(PosPrinter, CortaPapel)
19/05/26 14:50:27:887 - TACBrLibPosPrinter.PrecisaCriptografar(PosPrinter,CortaPapel)
19/05/26 14:50:27:888 - TACBrLibPosPrinter.PrecisaCriptografar - Feito Result: False
19/05/26 14:50:27:888 - TLibPosPrinterConfig.AjustarValor(tfLer,PosPrinter,CortaPapel,1)
19/05/26 14:50:27:889 - TLibPosPrinterConfig.AjustarValor - Feito
19/05/26 14:50:27:889 -    MoverStringParaPChar. StrLen:1, BufLen:256
19/05/26 14:50:27:889 - TACBrLibPosPrinter.PrecisaCriptografar(PosPrinter,CortaPapel)
19/05/26 14:50:27:890 - TACBrLibPosPrinter.PrecisaCriptografar - Feito Result: False
19/05/26 14:50:27:890 -    Valor:1, len:1
19/05/26 14:50:27:890 -    SetRetorno(0, 1)
19/05/26 14:50:27:892 - LIB_ConfigLerValor(PosPrinter, TraduzirTags)
19/05/26 14:50:27:892 - TACBrLibPosPrinter.PrecisaCriptografar(PosPrinter,TraduzirTags)
19/05/26 14:50:27:893 - TACBrLibPosPrinter.PrecisaCriptografar - Feito Result: False
19/05/26 14:50:27:893 - TLibPosPrinterConfig.AjustarValor(tfLer,PosPrinter,TraduzirTags,1)
19/05/26 14:50:27:894 - TLibPosPrinterConfig.AjustarValor - Feito
19/05/26 14:50:27:894 -    MoverStringParaPChar. StrLen:1, BufLen:256
19/05/26 14:50:27:895 - TACBrLibPosPrinter.PrecisaCriptografar(PosPrinter,TraduzirTags)
19/05/26 14:50:27:895 - TACBrLibPosPrinter.PrecisaCriptografar - Feito Result: False
19/05/26 14:50:27:896 -    Valor:1, len:1
19/05/26 14:50:27:896 -    SetRetorno(0, 1)
19/05/26 14:50:27:897 - LIB_ConfigLerValor(PosPrinter, IgnorarTags)
19/05/26 14:50:27:897 - TACBrLibPosPrinter.PrecisaCriptografar(PosPrinter,IgnorarTags)
19/05/26 14:50:27:898 - TACBrLibPosPrinter.PrecisaCriptografar - Feito Result: False
19/05/26 14:50:27:898 - TLibPosPrinterConfig.AjustarValor(tfLer,PosPrinter,IgnorarTags,0)
19/05/26 14:50:27:898 - TLibPosPrinterConfig.AjustarValor - Feito
19/05/26 14:50:27:899 -    MoverStringParaPChar. StrLen:1, BufLen:256
19/05/26 14:50:27:899 - TACBrLibPosPrinter.PrecisaCriptografar(PosPrinter,IgnorarTags)
19/05/26 14:50:27:900 - TACBrLibPosPrinter.PrecisaCriptografar - Feito Result: False
19/05/26 14:50:27:901 -    Valor:0, len:1
19/05/26 14:50:27:901 -    SetRetorno(0, 0)
19/05/26 14:50:27:902 - LIB_ConfigLerValor(PosPrinter, ArqLog)
19/05/26 14:50:27:902 - TACBrLibPosPrinter.PrecisaCriptografar(PosPrinter,ArqLog)
19/05/26 14:50:27:902 - TACBrLibPosPrinter.PrecisaCriptografar - Feito Result: False
19/05/26 14:50:27:903 - TLibPosPrinterConfig.AjustarValor(tfLer,PosPrinter,ArqLog,C:\DEV\C#\ACBr\Fiserv\CliSiTef\src\ACBr.CliSiTef.Demo\bin\Debug\Logs\PosPrinter.log)
19/05/26 14:50:27:903 - TLibPosPrinterConfig.AjustarValor - Feito
19/05/26 14:50:27:903 -    MoverStringParaPChar. StrLen:83, BufLen:256
19/05/26 14:50:27:904 - TACBrLibPosPrinter.PrecisaCriptografar(PosPrinter,ArqLog)
19/05/26 14:50:27:905 - TACBrLibPosPrinter.PrecisaCriptografar - Feito Result: False
19/05/26 14:50:27:905 -    Valor:C:\DEV\C#\ACBr\Fiserv\CliSiTef\src\ACBr.CliSiTef.Demo\bin\Debug\Logs\PosPrinter.log, len:83
19/05/26 14:50:27:906 -    SetRetorno(0, C:\DEV\C#\ACBr\Fiserv\CliSiTef\src\ACBr.CliSiTef.Demo\bin\Debug\Logs\PosPrinter.log)
19/05/26 14:50:38:865 - TACBrLib.Destroy
19/05/26 14:50:38:865 - Finalizar
19/05/26 15:16:26:695 - TLibPosPrinterConfig.AplicarConfiguracoes: C:\DEV\C#\ACBr\Fiserv\CliSiTef\src\ACBr.CliSiTef.Demo\bin\Debug\ACBrLib.ini
19/05/26 15:16:26:697 - Travar
19/05/26 15:16:26:698 - TLibPosPrinterConfig.AplicarConfiguracoes - Feito
19/05/26 15:16:26:699 - Destravar
19/05/26 15:16:26:699 - TLibPosPrinterConfig.Ler - Feito
19/05/26 15:16:26:700 - Destravar
19/05/26 15:16:26:700 - TACBrLibPosPrinter.Inicializar - Feito
19/05/26 15:16:26:701 - LIB_Inicializar( C:\DEV\C#\ACBr\Fiserv\CliSiTef\src\ACBr.CliSiTef.Demo\bin\Debug\ACBrLib.ini,  *** ) 
19/05/26 15:16:26:701 -    ACBrLibPosPrinter - 2.1.0.40 - Windows/x86 - ST cdecl
19/05/26 15:16:26:703 - LIB_ConfigLer()
19/05/26 15:16:26:704 - Travar
19/05/26 15:16:26:704 - TLibPosPrinterConfig.Ler: C:\DEV\C#\ACBr\Fiserv\CliSiTef\src\ACBr.CliSiTef.Demo\bin\Debug\ACBrLib.ini
19/05/26 15:16:26:705 - TLibPosPrinterConfig.AplicarConfiguracoes: C:\DEV\C#\ACBr\Fiserv\CliSiTef\src\ACBr.CliSiTef.Demo\bin\Debug\ACBrLib.ini
19/05/26 15:16:26:705 - Travar
19/05/26 15:16:26:706 - TLibPosPrinterConfig.AplicarConfiguracoes - Feito
19/05/26 15:16:26:707 - Destravar
19/05/26 15:16:26:707 - TLibPosPrinterConfig.Ler - Feito
19/05/26 15:16:26:708 - Destravar
19/05/26 15:16:26:708 -    SetRetorno(0, )
19/05/26 15:16:26:710 - TACBrLibPosPrinter.PrecisaCriptografar(Principal,LogNivel)
19/05/26 15:16:26:711 - TACBrLibPosPrinter.PrecisaCriptografar - Feito Result: False
19/05/26 15:16:26:711 - LIB_ConfigGravarValor(Principal, LogNivel, 4)
19/05/26 15:16:26:712 - TACBrLibPosPrinter.PrecisaCriptografar(Principal,LogNivel)
19/05/26 15:16:26:712 - TACBrLibPosPrinter.PrecisaCriptografar - Feito Result: False
19/05/26 15:16:26:713 - TLibPosPrinterConfig.AjustarValor(tfGravar,Principal,LogNivel,4)
19/05/26 15:16:26:713 - TLibPosPrinterConfig.AjustarValor - Feito
19/05/26 15:16:26:715 - TLibPosPrinterConfig.AplicarConfiguracoes: C:\DEV\C#\ACBr\Fiserv\CliSiTef\src\ACBr.CliSiTef.Demo\bin\Debug\ACBrLib.ini
19/05/26 15:16:26:715 - Travar
19/05/26 15:16:26:715 - TLibPosPrinterConfig.AplicarConfiguracoes - Feito
19/05/26 15:16:26:715 - Destravar
19/05/26 15:16:26:717 -    SetRetorno(0, )
19/05/26 15:16:26:718 - TACBrLibPosPrinter.PrecisaCriptografar(Principal,LogPath)
19/05/26 15:16:26:718 - TACBrLibPosPrinter.PrecisaCriptografar - Feito Result: False
19/05/26 15:16:26:719 - LIB_ConfigGravarValor(Principal, LogPath, C:\DEV\C#\ACBr\Fiserv\CliSiTef\src\ACBr.CliSiTef.Demo\bin\Debug\Logs)
19/05/26 15:16:26:719 - TACBrLibPosPrinter.PrecisaCriptografar(Principal,LogPath)
19/05/26 15:16:26:720 - TACBrLibPosPrinter.PrecisaCriptografar - Feito Result: False
19/05/26 15:16:26:720 - TLibPosPrinterConfig.AjustarValor(tfGravar,Principal,LogPath,C:\DEV\C#\ACBr\Fiserv\CliSiTef\src\ACBr.CliSiTef.Demo\bin\Debug\Logs)
19/05/26 15:16:26:720 - TLibPosPrinterConfig.AjustarValor - Feito
19/05/26 15:16:26:721 - TLibPosPrinterConfig.AplicarConfiguracoes: C:\DEV\C#\ACBr\Fiserv\CliSiTef\src\ACBr.CliSiTef.Demo\bin\Debug\ACBrLib.ini
19/05/26 15:16:26:721 - Travar
19/05/26 15:16:26:722 - TLibPosPrinterConfig.AplicarConfiguracoes - Feito
19/05/26 15:16:26:722 - Destravar
19/05/26 15:16:26:722 -    SetRetorno(0, )
19/05/26 15:16:26:724 - LIB_ConfigLerValor(PosPrinter, ArqLog)
19/05/26 15:16:26:725 - TACBrLibPosPrinter.PrecisaCriptografar(PosPrinter,ArqLog)
19/05/26 15:16:26:725 - TACBrLibPosPrinter.PrecisaCriptografar - Feito Result: False
19/05/26 15:16:26:726 - TLibPosPrinterConfig.AjustarValor(tfLer,PosPrinter,ArqLog,C:\DEV\C#\ACBr\Fiserv\CliSiTef\src\ACBr.CliSiTef.Demo\bin\Debug\Logs\PosPrinter.log)
19/05/26 15:16:26:727 - TLibPosPrinterConfig.AjustarValor - Feito
19/05/26 15:16:26:727 -    MoverStringParaPChar. StrLen:83, BufLen:256
19/05/26 15:16:26:728 - TACBrLibPosPrinter.PrecisaCriptografar(PosPrinter,ArqLog)
19/05/26 15:16:26:728 - TACBrLibPosPrinter.PrecisaCriptografar - Feito Result: False
19/05/26 15:16:26:729 -    Valor:C:\DEV\C#\ACBr\Fiserv\CliSiTef\src\ACBr.CliSiTef.Demo\bin\Debug\Logs\PosPrinter.log, len:83
19/05/26 15:16:26:729 -    SetRetorno(0, C:\DEV\C#\ACBr\Fiserv\CliSiTef\src\ACBr.CliSiTef.Demo\bin\Debug\Logs\PosPrinter.log)
19/05/26 15:16:26:730 - LIB_ConfigLerValor(PosPrinter, ArqLog)
19/05/26 15:16:26:731 - TACBrLibPosPrinter.PrecisaCriptografar(PosPrinter,ArqLog)
19/05/26 15:16:26:732 - TACBrLibPosPrinter.PrecisaCriptografar - Feito Result: False
19/05/26 15:16:26:732 - TLibPosPrinterConfig.AjustarValor(tfLer,PosPrinter,ArqLog,C:\DEV\C#\ACBr\Fiserv\CliSiTef\src\ACBr.CliSiTef.Demo\bin\Debug\Logs\PosPrinter.log)
19/05/26 15:16:26:733 - TLibPosPrinterConfig.AjustarValor - Feito
19/05/26 15:16:26:734 -    MoverStringParaPChar. StrLen:83, BufLen:256
19/05/26 15:16:26:734 - TACBrLibPosPrinter.PrecisaCriptografar(PosPrinter,ArqLog)
19/05/26 15:16:26:735 - TACBrLibPosPrinter.PrecisaCriptografar - Feito Result: False
19/05/26 15:16:26:735 -    Valor:C:\DEV\C#\ACBr\Fiserv\CliSiTef\src\ACBr.CliSiTef.Demo\bin\Debug\Logs\PosPrinter.log, len:83
19/05/26 15:16:26:736 -    SetRetorno(0, C:\DEV\C#\ACBr\Fiserv\CliSiTef\src\ACBr.CliSiTef.Demo\bin\Debug\Logs\PosPrinter.log)
19/05/26 15:16:26:736 - LIB_ConfigGravar()
19/05/26 15:16:26:738 - Travar
19/05/26 15:16:26:739 - TLibPosPrinterConfig.Gravar: C:\DEV\C#\ACBr\Fiserv\CliSiTef\src\ACBr.CliSiTef.Demo\bin\Debug\ACBrLib.ini
19/05/26 15:16:26:740 - TLibPosPrinterConfig.Gravar - Feito
19/05/26 15:16:26:741 - Destravar
19/05/26 15:16:26:741 -    SetRetorno(0, )
19/05/26 15:16:26:742 - LIB_ConfigLer()
19/05/26 15:16:26:742 - Travar
19/05/26 15:16:26:743 - TLibPosPrinterConfig.Ler: C:\DEV\C#\ACBr\Fiserv\CliSiTef\src\ACBr.CliSiTef.Demo\bin\Debug\ACBrLib.ini
19/05/26 15:16:26:744 - TLibPosPrinterConfig.AplicarConfiguracoes: C:\DEV\C#\ACBr\Fiserv\CliSiTef\src\ACBr.CliSiTef.Demo\bin\Debug\ACBrLib.ini
19/05/26 15:16:26:745 - Travar
19/05/26 15:16:26:746 - TLibPosPrinterConfig.AplicarConfiguracoes - Feito
19/05/26 15:16:26:746 - Destravar
19/05/26 15:16:26:746 - TLibPosPrinterConfig.Ler - Feito
19/05/26 15:16:26:747 - Destravar
19/05/26 15:16:26:747 -    SetRetorno(0, )
19/05/26 15:16:26:748 - LIB_ConfigLer()
19/05/26 15:16:26:748 - Travar
19/05/26 15:16:26:749 - TLibPosPrinterConfig.Ler: C:\DEV\C#\ACBr\Fiserv\CliSiTef\src\ACBr.CliSiTef.Demo\bin\Debug\ACBrLib.ini
19/05/26 15:16:26:750 - TLibPosPrinterConfig.AplicarConfiguracoes: C:\DEV\C#\ACBr\Fiserv\CliSiTef\src\ACBr.CliSiTef.Demo\bin\Debug\ACBrLib.ini
19/05/26 15:16:26:750 - Travar
19/05/26 15:16:26:751 - TLibPosPrinterConfig.AplicarConfiguracoes - Feito
19/05/26 15:16:26:751 - Destravar
19/05/26 15:16:26:752 - TLibPosPrinterConfig.Ler - Feito
19/05/26 15:16:26:752 - Destravar
19/05/26 15:16:26:752 -    SetRetorno(0, )
19/05/26 15:16:26:753 - POS_Ativar
19/05/26 15:16:26:754 - Travar
19/05/26 15:16:26:892 -    SetRetorno(0, )
19/05/26 15:16:26:893 - Destravar
19/05/26 15:16:26:894 - POS_Imprimir(</zera></ae>=== VIA CLIENTE ===</lf>----------------------------------------------</lf>     ACBr CliSiTef - Demo (estudo)</lf>----------------------------------------------</lf>19/05/2026 15:15   Cupom: 509205</lf>----------------------------------------------</lf>.....S.O.F.T.W.A.R.E.E.X.P.R.E.S.S....</lf>SI                              Rede 5</lf>MU               Codigo transacao: 200</lf>LA               Codigo operacao: 2000</lf>DO                         Valor: 1,00</lf>.....S...I...M...U...L...A...D...O....</lf>SI                   NSU SiTef: 190019</lf>MU                      19/05/26 15:15</lf>LA                    ID PDV: IP000001</lf>DO             Estab.: 000000000000005</lf>.....S...I...M...U...L...A...D...O....</lf>SI                     Host: 999190019</lf>MU         Transacao Simulada Aprovada</lf>LA        TAG AID 0x84: A0000000043060</lf>DO      TAG AID 0x9F06: A0000000043060</lf>.....S...I...M...U...L...A...D...O....</lf>SI                 SALDO DISP.    0,02</lf>          SiTef from Fiserv</lf>----------------------------------------------</lf>Caixa: 000001</lf>----------------------------------------------</lf></lf></lf></corte_parcial></lf></lf>=== VIA ESTABELECIMENTO ===</lf>----------------------------------------------</lf>     ACBr CliSiTef - Demo (estudo)</lf>----------------------------------------------</lf>19/05/2026 15:15   Cupom: 509205</lf>----------------------------------------------</lf>.....S.O.F.T.W.A.R.E.E.X.P.R.E.S.S....</lf>SI                              Rede 5</lf>MU               Codigo transacao: 200</lf>LA               Codigo operacao: 2000</lf>DO                         Valor: 1,00</lf>.....S...I...M...U...L...A...D...O....</lf>SI                   NSU SiTef: 190019</lf>MU                      19/05/26 15:15</lf>LA                    ID PDV: IP000001</lf>DO             Estab.: 000000000000005</lf>.....S...I...M...U...L...A...D...O....</lf>SI                     Host: 999190019</lf>MU         Transacao Simulada Aprovada</lf>LA        TAG AID 0x84: A0000000043060</lf>DO      TAG AID 0x9F06: A0000000043060</lf>.....S...I...M...U...L...A...D...O....</lf>          SiTef from Fiserv</lf>----------------------------------------------</lf>Caixa: 000001</lf>----------------------------------------------</lf></lf></lf></corte_total>,False,True,True,1 )
19/05/26 15:16:26:895 - Travar
19/05/26 15:16:27:004 -    SetRetorno(0, )
19/05/26 15:16:27:005 - Destravar
19/05/26 15:20:07:414 - TACBrLib.Destroy
19/05/26 15:20:07:414 - Finalizar
19/05/26 15:29:51:457 - TLibPosPrinterConfig.AplicarConfiguracoes: C:\DEV\C#\ACBr\Fiserv\CliSiTef\src\ACBr.CliSiTef.Demo\bin\Debug\ACBrLib.ini
19/05/26 15:29:51:458 - Travar
19/05/26 15:29:51:459 - TLibPosPrinterConfig.AplicarConfiguracoes - Feito
19/05/26 15:29:51:460 - Destravar
19/05/26 15:29:51:460 - TLibPosPrinterConfig.Ler - Feito
19/05/26 15:29:51:460 - Destravar
19/05/26 15:29:51:461 - TACBrLibPosPrinter.Inicializar - Feito
19/05/26 15:29:51:461 - LIB_Inicializar( C:\DEV\C#\ACBr\Fiserv\CliSiTef\src\ACBr.CliSiTef.Demo\bin\Debug\ACBrLib.ini,  *** ) 
19/05/26 15:29:51:462 -    ACBrLibPosPrinter - 2.1.0.40 - Windows/x86 - ST cdecl
19/05/26 15:29:51:464 - LIB_ConfigLer()
19/05/26 15:29:51:465 - Travar
19/05/26 15:29:51:465 - TLibPosPrinterConfig.Ler: C:\DEV\C#\ACBr\Fiserv\CliSiTef\src\ACBr.CliSiTef.Demo\bin\Debug\ACBrLib.ini
19/05/26 15:29:51:466 - TLibPosPrinterConfig.AplicarConfiguracoes: C:\DEV\C#\ACBr\Fiserv\CliSiTef\src\ACBr.CliSiTef.Demo\bin\Debug\ACBrLib.ini
19/05/26 15:29:51:466 - Travar
19/05/26 15:29:51:467 - TLibPosPrinterConfig.AplicarConfiguracoes - Feito
19/05/26 15:29:51:467 - Destravar
19/05/26 15:29:51:468 - TLibPosPrinterConfig.Ler - Feito
19/05/26 15:29:51:468 - Destravar
19/05/26 15:29:51:469 -    SetRetorno(0, )
19/05/26 15:29:51:470 - TACBrLibPosPrinter.PrecisaCriptografar(Principal,LogNivel)
19/05/26 15:29:51:471 - TACBrLibPosPrinter.PrecisaCriptografar - Feito Result: False
19/05/26 15:29:51:471 - LIB_ConfigGravarValor(Principal, LogNivel, 4)
19/05/26 15:29:51:472 - TACBrLibPosPrinter.PrecisaCriptografar(Principal,LogNivel)
19/05/26 15:29:51:473 - TACBrLibPosPrinter.PrecisaCriptografar - Feito Result: False
19/05/26 15:29:51:474 - TLibPosPrinterConfig.AjustarValor(tfGravar,Principal,LogNivel,4)
19/05/26 15:29:51:474 - TLibPosPrinterConfig.AjustarValor - Feito
19/05/26 15:29:51:475 - TLibPosPrinterConfig.AplicarConfiguracoes: C:\DEV\C#\ACBr\Fiserv\CliSiTef\src\ACBr.CliSiTef.Demo\bin\Debug\ACBrLib.ini
19/05/26 15:29:51:475 - Travar
19/05/26 15:29:51:476 - TLibPosPrinterConfig.AplicarConfiguracoes - Feito
19/05/26 15:29:51:476 - Destravar
19/05/26 15:29:51:477 -    SetRetorno(0, )
19/05/26 15:29:51:477 - TACBrLibPosPrinter.PrecisaCriptografar(Principal,LogPath)
19/05/26 15:29:51:478 - TACBrLibPosPrinter.PrecisaCriptografar - Feito Result: False
19/05/26 15:29:51:478 - LIB_ConfigGravarValor(Principal, LogPath, C:\DEV\C#\ACBr\Fiserv\CliSiTef\src\ACBr.CliSiTef.Demo\bin\Debug\Logs)
19/05/26 15:29:51:479 - TACBrLibPosPrinter.PrecisaCriptografar(Principal,LogPath)
19/05/26 15:29:51:479 - TACBrLibPosPrinter.PrecisaCriptografar - Feito Result: False
19/05/26 15:29:51:480 - TLibPosPrinterConfig.AjustarValor(tfGravar,Principal,LogPath,C:\DEV\C#\ACBr\Fiserv\CliSiTef\src\ACBr.CliSiTef.Demo\bin\Debug\Logs)
19/05/26 15:29:51:480 - TLibPosPrinterConfig.AjustarValor - Feito
19/05/26 15:29:51:480 - TLibPosPrinterConfig.AplicarConfiguracoes: C:\DEV\C#\ACBr\Fiserv\CliSiTef\src\ACBr.CliSiTef.Demo\bin\Debug\ACBrLib.ini
19/05/26 15:29:51:481 - Travar
19/05/26 15:29:51:481 - TLibPosPrinterConfig.AplicarConfiguracoes - Feito
19/05/26 15:29:51:482 - Destravar
19/05/26 15:29:51:482 -    SetRetorno(0, )
19/05/26 15:29:51:484 - LIB_ConfigLerValor(PosPrinter, ArqLog)
19/05/26 15:29:51:485 - TACBrLibPosPrinter.PrecisaCriptografar(PosPrinter,ArqLog)
19/05/26 15:29:51:485 - TACBrLibPosPrinter.PrecisaCriptografar - Feito Result: False
19/05/26 15:29:51:486 - TLibPosPrinterConfig.AjustarValor(tfLer,PosPrinter,ArqLog,C:\DEV\C#\ACBr\Fiserv\CliSiTef\src\ACBr.CliSiTef.Demo\bin\Debug\Logs\PosPrinter.log)
19/05/26 15:29:51:486 - TLibPosPrinterConfig.AjustarValor - Feito
19/05/26 15:29:51:486 -    MoverStringParaPChar. StrLen:83, BufLen:256
19/05/26 15:29:51:487 - TACBrLibPosPrinter.PrecisaCriptografar(PosPrinter,ArqLog)
19/05/26 15:29:51:488 - TACBrLibPosPrinter.PrecisaCriptografar - Feito Result: False
19/05/26 15:29:51:488 -    Valor:C:\DEV\C#\ACBr\Fiserv\CliSiTef\src\ACBr.CliSiTef.Demo\bin\Debug\Logs\PosPrinter.log, len:83
19/05/26 15:29:51:490 -    SetRetorno(0, C:\DEV\C#\ACBr\Fiserv\CliSiTef\src\ACBr.CliSiTef.Demo\bin\Debug\Logs\PosPrinter.log)
19/05/26 15:29:51:490 - LIB_ConfigLerValor(PosPrinter, ArqLog)
19/05/26 15:29:51:492 - TACBrLibPosPrinter.PrecisaCriptografar(PosPrinter,ArqLog)
19/05/26 15:29:51:492 - TACBrLibPosPrinter.PrecisaCriptografar - Feito Result: False
19/05/26 15:29:51:492 - TLibPosPrinterConfig.AjustarValor(tfLer,PosPrinter,ArqLog,C:\DEV\C#\ACBr\Fiserv\CliSiTef\src\ACBr.CliSiTef.Demo\bin\Debug\Logs\PosPrinter.log)
19/05/26 15:29:51:492 - TLibPosPrinterConfig.AjustarValor - Feito
19/05/26 15:29:51:492 -    MoverStringParaPChar. StrLen:83, BufLen:256
19/05/26 15:29:51:492 - TACBrLibPosPrinter.PrecisaCriptografar(PosPrinter,ArqLog)
19/05/26 15:29:51:492 - TACBrLibPosPrinter.PrecisaCriptografar - Feito Result: False
19/05/26 15:29:51:492 -    Valor:C:\DEV\C#\ACBr\Fiserv\CliSiTef\src\ACBr.CliSiTef.Demo\bin\Debug\Logs\PosPrinter.log, len:83
19/05/26 15:29:51:492 -    SetRetorno(0, C:\DEV\C#\ACBr\Fiserv\CliSiTef\src\ACBr.CliSiTef.Demo\bin\Debug\Logs\PosPrinter.log)
19/05/26 15:29:51:492 - LIB_ConfigGravar()
19/05/26 15:29:51:492 - Travar
19/05/26 15:29:51:492 - TLibPosPrinterConfig.Gravar: C:\DEV\C#\ACBr\Fiserv\CliSiTef\src\ACBr.CliSiTef.Demo\bin\Debug\ACBrLib.ini
19/05/26 15:29:51:498 - TLibPosPrinterConfig.Gravar - Feito
19/05/26 15:29:51:498 - Destravar
19/05/26 15:29:51:498 -    SetRetorno(0, )
19/05/26 15:29:51:498 - LIB_ConfigLer()
19/05/26 15:29:51:498 - Travar
19/05/26 15:29:51:498 - TLibPosPrinterConfig.Ler: C:\DEV\C#\ACBr\Fiserv\CliSiTef\src\ACBr.CliSiTef.Demo\bin\Debug\ACBrLib.ini
19/05/26 15:29:51:502 - TLibPosPrinterConfig.AplicarConfiguracoes: C:\DEV\C#\ACBr\Fiserv\CliSiTef\src\ACBr.CliSiTef.Demo\bin\Debug\ACBrLib.ini
19/05/26 15:29:51:502 - Travar
19/05/26 15:29:51:502 - TLibPosPrinterConfig.AplicarConfiguracoes - Feito
19/05/26 15:29:51:502 - Destravar
19/05/26 15:29:51:502 - TLibPosPrinterConfig.Ler - Feito
19/05/26 15:29:51:504 - Destravar
19/05/26 15:29:51:504 -    SetRetorno(0, )
19/05/26 15:29:51:505 - LIB_ConfigLer()
19/05/26 15:29:51:505 - Travar
19/05/26 15:29:51:506 - TLibPosPrinterConfig.Ler: C:\DEV\C#\ACBr\Fiserv\CliSiTef\src\ACBr.CliSiTef.Demo\bin\Debug\ACBrLib.ini
19/05/26 15:29:51:507 - TLibPosPrinterConfig.AplicarConfiguracoes: C:\DEV\C#\ACBr\Fiserv\CliSiTef\src\ACBr.CliSiTef.Demo\bin\Debug\ACBrLib.ini
19/05/26 15:29:51:507 - Travar
19/05/26 15:29:51:507 - TLibPosPrinterConfig.AplicarConfiguracoes - Feito
19/05/26 15:29:51:507 - Destravar
19/05/26 15:29:51:507 - TLibPosPrinterConfig.Ler - Feito
19/05/26 15:29:51:507 - Destravar
19/05/26 15:29:51:512 -    SetRetorno(0, )
19/05/26 15:29:51:512 - POS_Ativar
19/05/26 15:29:51:512 - Travar
19/05/26 15:29:51:632 -    SetRetorno(0, )
19/05/26 15:29:51:632 - Destravar
19/05/26 15:29:51:639 - POS_Imprimir(</zera></ae>=== VIA CLIENTE ===</lf>----------------------------------------------</lf>     ACBr CliSiTef - Demo</lf>----------------------------------------------</lf>19/05/2026 15:29   Cupom: 576064</lf>----------------------------------------------</lf>.....S.O.F.T.W.A.R.E.E.X.P.R.E.S.S....</lf>SI                              Rede 5</lf>MU               Codigo transacao: 200</lf>LA               Codigo operacao: 3000</lf>DO                         Valor: 1,00</lf>.....S...I...M...U...L...A...D...O....</lf>SI                   NSU SiTef: 190021</lf>MU                      19/05/26 15:29</lf>LA                    ID PDV: IP000001</lf>DO             Estab.: 000000000000005</lf>.....S...I...M...U...L...A...D...O....</lf>SI                     Host: 999190021</lf>MU         Transacao Simulada Aprovada</lf>LA        TAG AID 0x84: A0000000041010</lf>DO      TAG AID 0x9F06: A0000000041010</lf>.....S...I...M...U...L...A...D...O....</lf>SI                 SALDO DISP.    0,02</lf>          SiTef from Fiserv</lf>----------------------------------------------</lf>Caixa: 000001</lf>----------------------------------------------</lf></lf></lf></corte_parcial></lf></lf>=== VIA ESTABELECIMENTO ===</lf>----------------------------------------------</lf>     ACBr CliSiTef - Demo</lf>----------------------------------------------</lf>19/05/2026 15:29   Cupom: 576064</lf>----------------------------------------------</lf>.....S.O.F.T.W.A.R.E.E.X.P.R.E.S.S....</lf>SI                              Rede 5</lf>MU               Codigo transacao: 200</lf>LA               Codigo operacao: 3000</lf>DO                         Valor: 1,00</lf>.....S...I...M...U...L...A...D...O....</lf>SI                   NSU SiTef: 190021</lf>MU                      19/05/26 15:29</lf>LA                    ID PDV: IP000001</lf>DO             Estab.: 000000000000005</lf>.....S...I...M...U...L...A...D...O....</lf>SI                     Host: 999190021</lf>MU         Transacao Simulada Aprovada</lf>LA        TAG AID 0x84: A0000000041010</lf>DO      TAG AID 0x9F06: A0000000041010</lf>.....S...I...M...U...L...A...D...O....</lf>          SiTef from Fiserv</lf>----------------------------------------------</lf>Caixa: 000001</lf>----------------------------------------------</lf></lf></lf></corte_total>,False,True,True,1 )
19/05/26 15:29:51:639 - Travar
19/05/26 15:29:51:745 -    SetRetorno(0, )
19/05/26 15:29:51:745 - Destravar
19/05/26 15:29:54:795 - LIB_ConfigLer()
19/05/26 15:29:54:796 - Travar
19/05/26 15:29:54:797 - TLibPosPrinterConfig.Ler: C:\DEV\C#\ACBr\Fiserv\CliSiTef\src\ACBr.CliSiTef.Demo\bin\Debug\ACBrLib.ini
19/05/26 15:29:54:797 - TLibPosPrinterConfig.AplicarConfiguracoes: C:\DEV\C#\ACBr\Fiserv\CliSiTef\src\ACBr.CliSiTef.Demo\bin\Debug\ACBrLib.ini
19/05/26 15:29:54:798 - Travar
19/05/26 15:29:54:798 - TLibPosPrinterConfig.AplicarConfiguracoes - Feito
19/05/26 15:29:54:799 - Destravar
19/05/26 15:29:54:799 - TLibPosPrinterConfig.Ler - Feito
19/05/26 15:29:54:800 - Destravar
19/05/26 15:29:54:800 -    SetRetorno(0, )
19/05/26 15:29:54:802 - LIB_ConfigLerValor(PosPrinter, Modelo)
19/05/26 15:29:54:802 - TACBrLibPosPrinter.PrecisaCriptografar(PosPrinter,Modelo)
19/05/26 15:29:54:802 - TACBrLibPosPrinter.PrecisaCriptografar - Feito Result: False
19/05/26 15:29:54:803 - TLibPosPrinterConfig.AjustarValor(tfLer,PosPrinter,Modelo,1)
19/05/26 15:29:54:803 - TLibPosPrinterConfig.AjustarValor - Feito
19/05/26 15:29:54:803 -    MoverStringParaPChar. StrLen:1, BufLen:256
19/05/26 15:29:54:804 - TACBrLibPosPrinter.PrecisaCriptografar(PosPrinter,Modelo)
19/05/26 15:29:54:804 - TACBrLibPosPrinter.PrecisaCriptografar - Feito Result: False
19/05/26 15:29:54:805 -    Valor:1, len:1
19/05/26 15:29:54:805 -    SetRetorno(0, 1)
19/05/26 15:29:54:808 - LIB_ConfigLerValor(PosPrinter, PaginaDeCodigo)
19/05/26 15:29:54:808 - TACBrLibPosPrinter.PrecisaCriptografar(PosPrinter,PaginaDeCodigo)
19/05/26 15:29:54:811 - TACBrLibPosPrinter.PrecisaCriptografar - Feito Result: False
19/05/26 15:29:54:811 - TLibPosPrinterConfig.AjustarValor(tfLer,PosPrinter,PaginaDeCodigo,2)
19/05/26 15:29:54:811 - TLibPosPrinterConfig.AjustarValor - Feito
19/05/26 15:29:54:811 -    MoverStringParaPChar. StrLen:1, BufLen:256
19/05/26 15:29:54:811 - TACBrLibPosPrinter.PrecisaCriptografar(PosPrinter,PaginaDeCodigo)
19/05/26 15:29:54:811 - TACBrLibPosPrinter.PrecisaCriptografar - Feito Result: False
19/05/26 15:29:54:811 -    Valor:2, len:1
19/05/26 15:29:54:811 -    SetRetorno(0, 2)
19/05/26 15:29:54:816 - POS_AcharPortas
19/05/26 15:29:54:816 - Travar
19/05/26 15:29:54:831 -    MoverStringParaPChar. StrLen:100, BufLen:256
19/05/26 15:29:54:831 -    SetRetorno(0, COM7||USB:Elgin, I9||RAW:ELGIN i9(USB)|RAW:Microsoft Print to PDF|RAW:Canon G6000 series (Copiar 1)|)
19/05/26 15:29:54:831 - Destravar
19/05/26 15:29:54:837 - LIB_ConfigLerValor(PosPrinter, Porta)
19/05/26 15:29:54:837 - TACBrLibPosPrinter.PrecisaCriptografar(PosPrinter,Porta)
19/05/26 15:29:54:837 - TACBrLibPosPrinter.PrecisaCriptografar - Feito Result: False
19/05/26 15:29:54:839 - TLibPosPrinterConfig.AjustarValor(tfLer,PosPrinter,Porta,RAW:ELGIN i9(USB))
19/05/26 15:29:54:840 - TLibPosPrinterConfig.AjustarValor - Feito
19/05/26 15:29:54:840 -    MoverStringParaPChar. StrLen:17, BufLen:256
19/05/26 15:29:54:840 - TACBrLibPosPrinter.PrecisaCriptografar(PosPrinter,Porta)
19/05/26 15:29:54:840 - TACBrLibPosPrinter.PrecisaCriptografar - Feito Result: False
19/05/26 15:29:54:842 -    Valor:RAW:ELGIN i9(USB), len:17
19/05/26 15:29:54:842 -    SetRetorno(0, RAW:ELGIN i9(USB))
19/05/26 15:29:54:842 - LIB_ConfigLerValor(PosPrinter, Porta)
19/05/26 15:29:54:842 - TACBrLibPosPrinter.PrecisaCriptografar(PosPrinter,Porta)
19/05/26 15:29:54:842 - TACBrLibPosPrinter.PrecisaCriptografar - Feito Result: False
19/05/26 15:29:54:842 - TLibPosPrinterConfig.AjustarValor(tfLer,PosPrinter,Porta,RAW:ELGIN i9(USB))
19/05/26 15:29:54:842 - TLibPosPrinterConfig.AjustarValor - Feito
19/05/26 15:29:54:842 -    MoverStringParaPChar. StrLen:17, BufLen:256
19/05/26 15:29:54:842 - TACBrLibPosPrinter.PrecisaCriptografar(PosPrinter,Porta)
19/05/26 15:29:54:842 - TACBrLibPosPrinter.PrecisaCriptografar - Feito Result: False
19/05/26 15:29:54:842 -    Valor:RAW:ELGIN i9(USB), len:17
19/05/26 15:29:54:842 -    SetRetorno(0, RAW:ELGIN i9(USB))
19/05/26 15:29:54:842 - LIB_ConfigLerValor(PosPrinter, Porta)
19/05/26 15:29:54:842 - TACBrLibPosPrinter.PrecisaCriptografar(PosPrinter,Porta)
19/05/26 15:29:54:842 - TACBrLibPosPrinter.PrecisaCriptografar - Feito Result: False
19/05/26 15:29:54:842 - TLibPosPrinterConfig.AjustarValor(tfLer,PosPrinter,Porta,RAW:ELGIN i9(USB))
19/05/26 15:29:54:842 - TLibPosPrinterConfig.AjustarValor - Feito
19/05/26 15:29:54:842 -    MoverStringParaPChar. StrLen:17, BufLen:256
19/05/26 15:29:54:851 - TACBrLibPosPrinter.PrecisaCriptografar(PosPrinter,Porta)
19/05/26 15:29:54:851 - TACBrLibPosPrinter.PrecisaCriptografar - Feito Result: False
19/05/26 15:29:54:851 -    Valor:RAW:ELGIN i9(USB), len:17
19/05/26 15:29:54:851 -    SetRetorno(0, RAW:ELGIN i9(USB))
19/05/26 15:29:54:851 - LIB_ConfigLerValor(PosPrinter, ColunasFonteNormal)
19/05/26 15:29:54:851 - TACBrLibPosPrinter.PrecisaCriptografar(PosPrinter,ColunasFonteNormal)
19/05/26 15:29:54:851 - TACBrLibPosPrinter.PrecisaCriptografar - Feito Result: False
19/05/26 15:29:54:851 - TLibPosPrinterConfig.AjustarValor(tfLer,PosPrinter,ColunasFonteNormal,48)
19/05/26 15:29:54:856 - TLibPosPrinterConfig.AjustarValor - Feito
19/05/26 15:29:54:856 -    MoverStringParaPChar. StrLen:2, BufLen:256
19/05/26 15:29:54:856 - TACBrLibPosPrinter.PrecisaCriptografar(PosPrinter,ColunasFonteNormal)
19/05/26 15:29:54:857 - TACBrLibPosPrinter.PrecisaCriptografar - Feito Result: False
19/05/26 15:29:54:858 -    Valor:48, len:2
19/05/26 15:29:54:858 -    SetRetorno(0, 48)
19/05/26 15:29:54:858 - LIB_ConfigLerValor(PosPrinter, EspacoEntreLinhas)
19/05/26 15:29:54:858 - TACBrLibPosPrinter.PrecisaCriptografar(PosPrinter,EspacoEntreLinhas)
19/05/26 15:29:54:858 - TACBrLibPosPrinter.PrecisaCriptografar - Feito Result: False
19/05/26 15:29:54:861 - TLibPosPrinterConfig.AjustarValor(tfLer,PosPrinter,EspacoEntreLinhas,0)
19/05/26 15:29:54:861 - TLibPosPrinterConfig.AjustarValor - Feito
19/05/26 15:29:54:861 -    MoverStringParaPChar. StrLen:1, BufLen:256
19/05/26 15:29:54:861 - TACBrLibPosPrinter.PrecisaCriptografar(PosPrinter,EspacoEntreLinhas)
19/05/26 15:29:54:861 - TACBrLibPosPrinter.PrecisaCriptografar - Feito Result: False
19/05/26 15:29:54:861 -    Valor:0, len:1
19/05/26 15:29:54:861 -    SetRetorno(0, 0)
19/05/26 15:29:54:861 - LIB_ConfigLerValor(PosPrinter, LinhasBuffer)
19/05/26 15:29:54:861 - TACBrLibPosPrinter.PrecisaCriptografar(PosPrinter,LinhasBuffer)
19/05/26 15:29:54:861 - TACBrLibPosPrinter.PrecisaCriptografar - Feito Result: False
19/05/26 15:29:54:861 - TLibPosPrinterConfig.AjustarValor(tfLer,PosPrinter,LinhasBuffer,0)
19/05/26 15:29:54:861 - TLibPosPrinterConfig.AjustarValor - Feito
19/05/26 15:29:54:861 -    MoverStringParaPChar. StrLen:1, BufLen:256
19/05/26 15:29:54:861 - TACBrLibPosPrinter.PrecisaCriptografar(PosPrinter,LinhasBuffer)
19/05/26 15:29:54:867 - TACBrLibPosPrinter.PrecisaCriptografar - Feito Result: False
19/05/26 15:29:54:867 -    Valor:0, len:1
19/05/26 15:29:54:867 -    SetRetorno(0, 0)
19/05/26 15:29:54:867 - LIB_ConfigLerValor(PosPrinter, LinhasEntreCupons)
19/05/26 15:29:54:867 - TACBrLibPosPrinter.PrecisaCriptografar(PosPrinter,LinhasEntreCupons)
19/05/26 15:29:54:869 - TACBrLibPosPrinter.PrecisaCriptografar - Feito Result: False
19/05/26 15:29:54:869 - TLibPosPrinterConfig.AjustarValor(tfLer,PosPrinter,LinhasEntreCupons,3)
19/05/26 15:29:54:869 - TLibPosPrinterConfig.AjustarValor - Feito
19/05/26 15:29:54:869 -    MoverStringParaPChar. StrLen:1, BufLen:256
19/05/26 15:29:54:869 - TACBrLibPosPrinter.PrecisaCriptografar(PosPrinter,LinhasEntreCupons)
19/05/26 15:29:54:871 - TACBrLibPosPrinter.PrecisaCriptografar - Feito Result: False
19/05/26 15:29:54:871 -    Valor:3, len:1
19/05/26 15:29:54:872 -    SetRetorno(0, 3)
19/05/26 15:29:54:874 - LIB_ConfigLerValor(PosPrinter, ControlePorta)
19/05/26 15:29:54:875 - TACBrLibPosPrinter.PrecisaCriptografar(PosPrinter,ControlePorta)
19/05/26 15:29:54:875 - TACBrLibPosPrinter.PrecisaCriptografar - Feito Result: False
19/05/26 15:29:54:876 - TLibPosPrinterConfig.AjustarValor(tfLer,PosPrinter,ControlePorta,0)
19/05/26 15:29:54:876 - TLibPosPrinterConfig.AjustarValor - Feito
19/05/26 15:29:54:877 -    MoverStringParaPChar. StrLen:1, BufLen:256
19/05/26 15:29:54:877 - TACBrLibPosPrinter.PrecisaCriptografar(PosPrinter,ControlePorta)
19/05/26 15:29:54:878 - TACBrLibPosPrinter.PrecisaCriptografar - Feito Result: False
19/05/26 15:29:54:878 -    Valor:0, len:1
19/05/26 15:29:54:879 -    SetRetorno(0, 0)
19/05/26 15:29:54:879 - LIB_ConfigLerValor(PosPrinter, CortaPapel)
19/05/26 15:29:54:880 - TACBrLibPosPrinter.PrecisaCriptografar(PosPrinter,CortaPapel)
19/05/26 15:29:54:880 - TACBrLibPosPrinter.PrecisaCriptografar - Feito Result: False
19/05/26 15:29:54:880 - TLibPosPrinterConfig.AjustarValor(tfLer,PosPrinter,CortaPapel,1)
19/05/26 15:29:54:881 - TLibPosPrinterConfig.AjustarValor - Feito
19/05/26 15:29:54:881 -    MoverStringParaPChar. StrLen:1, BufLen:256
19/05/26 15:29:54:881 - TACBrLibPosPrinter.PrecisaCriptografar(PosPrinter,CortaPapel)
19/05/26 15:29:54:883 - TACBrLibPosPrinter.PrecisaCriptografar - Feito Result: False
19/05/26 15:29:54:883 -    Valor:1, len:1
19/05/26 15:29:54:884 -    SetRetorno(0, 1)
19/05/26 15:29:54:885 - LIB_ConfigLerValor(PosPrinter, TraduzirTags)
19/05/26 15:29:54:885 - TACBrLibPosPrinter.PrecisaCriptografar(PosPrinter,TraduzirTags)
19/05/26 15:29:54:885 - TACBrLibPosPrinter.PrecisaCriptografar - Feito Result: False
19/05/26 15:29:54:885 - TLibPosPrinterConfig.AjustarValor(tfLer,PosPrinter,TraduzirTags,1)
19/05/26 15:29:54:885 - TLibPosPrinterConfig.AjustarValor - Feito
19/05/26 15:29:54:886 -    MoverStringParaPChar. StrLen:1, BufLen:256
19/05/26 15:29:54:886 - TACBrLibPosPrinter.PrecisaCriptografar(PosPrinter,TraduzirTags)
19/05/26 15:29:54:887 - TACBrLibPosPrinter.PrecisaCriptografar - Feito Result: False
19/05/26 15:29:54:887 -    Valor:1, len:1
19/05/26 15:29:54:889 -    SetRetorno(0, 1)
19/05/26 15:29:54:890 - LIB_ConfigLerValor(PosPrinter, IgnorarTags)
19/05/26 15:29:54:890 - TACBrLibPosPrinter.PrecisaCriptografar(PosPrinter,IgnorarTags)
19/05/26 15:29:54:891 - TACBrLibPosPrinter.PrecisaCriptografar - Feito Result: False
19/05/26 15:29:54:891 - TLibPosPrinterConfig.AjustarValor(tfLer,PosPrinter,IgnorarTags,0)
19/05/26 15:29:54:891 - TLibPosPrinterConfig.AjustarValor - Feito
19/05/26 15:29:54:891 -    MoverStringParaPChar. StrLen:1, BufLen:256
19/05/26 15:29:54:891 - TACBrLibPosPrinter.PrecisaCriptografar(PosPrinter,IgnorarTags)
19/05/26 15:29:54:891 - TACBrLibPosPrinter.PrecisaCriptografar - Feito Result: False
19/05/26 15:29:54:891 -    Valor:0, len:1
19/05/26 15:29:54:891 -    SetRetorno(0, 0)
19/05/26 15:29:54:891 - LIB_ConfigLerValor(PosPrinter, ArqLog)
19/05/26 15:29:54:891 - TACBrLibPosPrinter.PrecisaCriptografar(PosPrinter,ArqLog)
19/05/26 15:29:54:891 - TACBrLibPosPrinter.PrecisaCriptografar - Feito Result: False
19/05/26 15:29:54:891 - TLibPosPrinterConfig.AjustarValor(tfLer,PosPrinter,ArqLog,C:\DEV\C#\ACBr\Fiserv\CliSiTef\src\ACBr.CliSiTef.Demo\bin\Debug\Logs\PosPrinter.log)
19/05/26 15:29:54:891 - TLibPosPrinterConfig.AjustarValor - Feito
19/05/26 15:29:54:891 -    MoverStringParaPChar. StrLen:83, BufLen:256
19/05/26 15:29:54:891 - TACBrLibPosPrinter.PrecisaCriptografar(PosPrinter,ArqLog)
19/05/26 15:29:54:891 - TACBrLibPosPrinter.PrecisaCriptografar - Feito Result: False
19/05/26 15:29:54:891 -    Valor:C:\DEV\C#\ACBr\Fiserv\CliSiTef\src\ACBr.CliSiTef.Demo\bin\Debug\Logs\PosPrinter.log, len:83
19/05/26 15:29:54:891 -    SetRetorno(0, C:\DEV\C#\ACBr\Fiserv\CliSiTef\src\ACBr.CliSiTef.Demo\bin\Debug\Logs\PosPrinter.log)
19/05/26 15:30:07:729 - TACBrLibPosPrinter.PrecisaCriptografar(PosPrinter,Modelo)
19/05/26 15:30:07:732 - TACBrLibPosPrinter.PrecisaCriptografar - Feito Result: False
19/05/26 15:30:07:732 - LIB_ConfigGravarValor(PosPrinter, Modelo, 1)
19/05/26 15:30:07:732 - TACBrLibPosPrinter.PrecisaCriptografar(PosPrinter,Modelo)
19/05/26 15:30:07:732 - TACBrLibPosPrinter.PrecisaCriptografar - Feito Result: False
19/05/26 15:30:07:732 - TLibPosPrinterConfig.AjustarValor(tfGravar,PosPrinter,Modelo,1)
19/05/26 15:30:07:732 - TLibPosPrinterConfig.AjustarValor - Feito
19/05/26 15:30:07:732 - TLibPosPrinterConfig.AplicarConfiguracoes: C:\DEV\C#\ACBr\Fiserv\CliSiTef\src\ACBr.CliSiTef.Demo\bin\Debug\ACBrLib.ini
19/05/26 15:30:07:732 - Travar
19/05/26 15:30:07:732 - TLibPosPrinterConfig.AplicarConfiguracoes - Feito
19/05/26 15:30:07:732 - Destravar
19/05/26 15:30:07:732 -    SetRetorno(0, )
19/05/26 15:30:07:732 - TACBrLibPosPrinter.PrecisaCriptografar(PosPrinter,Porta)
19/05/26 15:30:07:732 - TACBrLibPosPrinter.PrecisaCriptografar - Feito Result: False
19/05/26 15:30:07:732 - LIB_ConfigGravarValor(PosPrinter, Porta, RAW:ELGIN i9(USB))
19/05/26 15:30:07:740 - TACBrLibPosPrinter.PrecisaCriptografar(PosPrinter,Porta)
19/05/26 15:30:07:742 - TACBrLibPosPrinter.PrecisaCriptografar - Feito Result: False
19/05/26 15:30:07:742 - TLibPosPrinterConfig.AjustarValor(tfGravar,PosPrinter,Porta,RAW:ELGIN i9(USB))
19/05/26 15:30:07:743 - TLibPosPrinterConfig.AjustarValor - Feito
19/05/26 15:30:07:743 - TLibPosPrinterConfig.AplicarConfiguracoes: C:\DEV\C#\ACBr\Fiserv\CliSiTef\src\ACBr.CliSiTef.Demo\bin\Debug\ACBrLib.ini
19/05/26 15:30:07:744 - Travar
19/05/26 15:30:07:744 - TLibPosPrinterConfig.AplicarConfiguracoes - Feito
19/05/26 15:30:07:745 - Destravar
19/05/26 15:30:07:745 -    SetRetorno(0, )
19/05/26 15:30:07:746 - TACBrLibPosPrinter.PrecisaCriptografar(PosPrinter,ColunasFonteNormal)
19/05/26 15:30:07:746 - TACBrLibPosPrinter.PrecisaCriptografar - Feito Result: False
19/05/26 15:30:07:747 - LIB_ConfigGravarValor(PosPrinter, ColunasFonteNormal, 48)
19/05/26 15:30:07:747 - TACBrLibPosPrinter.PrecisaCriptografar(PosPrinter,ColunasFonteNormal)
19/05/26 15:30:07:748 - TACBrLibPosPrinter.PrecisaCriptografar - Feito Result: False
19/05/26 15:30:07:749 - TLibPosPrinterConfig.AjustarValor(tfGravar,PosPrinter,ColunasFonteNormal,48)
19/05/26 15:30:07:749 - TLibPosPrinterConfig.AjustarValor - Feito
19/05/26 15:30:07:750 - TLibPosPrinterConfig.AplicarConfiguracoes: C:\DEV\C#\ACBr\Fiserv\CliSiTef\src\ACBr.CliSiTef.Demo\bin\Debug\ACBrLib.ini
19/05/26 15:30:07:750 - Travar
19/05/26 15:30:07:750 - TLibPosPrinterConfig.AplicarConfiguracoes - Feito
19/05/26 15:30:07:751 - Destravar
19/05/26 15:30:07:751 -    SetRetorno(0, )
19/05/26 15:30:07:752 - TACBrLibPosPrinter.PrecisaCriptografar(PosPrinter,EspacoEntreLinhas)
19/05/26 15:30:07:752 - TACBrLibPosPrinter.PrecisaCriptografar - Feito Result: False
19/05/26 15:30:07:753 - LIB_ConfigGravarValor(PosPrinter, EspacoEntreLinhas, 0)
19/05/26 15:30:07:753 - TACBrLibPosPrinter.PrecisaCriptografar(PosPrinter,EspacoEntreLinhas)
19/05/26 15:30:07:754 - TACBrLibPosPrinter.PrecisaCriptografar - Feito Result: False
19/05/26 15:30:07:754 - TLibPosPrinterConfig.AjustarValor(tfGravar,PosPrinter,EspacoEntreLinhas,0)
19/05/26 15:30:07:755 - TLibPosPrinterConfig.AjustarValor - Feito
19/05/26 15:30:07:755 - TLibPosPrinterConfig.AplicarConfiguracoes: C:\DEV\C#\ACBr\Fiserv\CliSiTef\src\ACBr.CliSiTef.Demo\bin\Debug\ACBrLib.ini
19/05/26 15:30:07:756 - Travar
19/05/26 15:30:07:756 - TLibPosPrinterConfig.AplicarConfiguracoes - Feito
19/05/26 15:30:07:757 - Destravar
19/05/26 15:30:07:757 -    SetRetorno(0, )
19/05/26 15:30:07:758 - TACBrLibPosPrinter.PrecisaCriptografar(PosPrinter,LinhasBuffer)
19/05/26 15:30:07:759 - TACBrLibPosPrinter.PrecisaCriptografar - Feito Result: False
19/05/26 15:30:07:759 - LIB_ConfigGravarValor(PosPrinter, LinhasBuffer, 0)
19/05/26 15:30:07:760 - TACBrLibPosPrinter.PrecisaCriptografar(PosPrinter,LinhasBuffer)
19/05/26 15:30:07:760 - TACBrLibPosPrinter.PrecisaCriptografar - Feito Result: False
19/05/26 15:30:07:760 - TLibPosPrinterConfig.AjustarValor(tfGravar,PosPrinter,LinhasBuffer,0)
19/05/26 15:30:07:760 - TLibPosPrinterConfig.AjustarValor - Feito
19/05/26 15:30:07:761 - TLibPosPrinterConfig.AplicarConfiguracoes: C:\DEV\C#\ACBr\Fiserv\CliSiTef\src\ACBr.CliSiTef.Demo\bin\Debug\ACBrLib.ini
19/05/26 15:30:07:761 - Travar
19/05/26 15:30:07:762 - TLibPosPrinterConfig.AplicarConfiguracoes - Feito
19/05/26 15:30:07:762 - Destravar
19/05/26 15:30:07:763 -    SetRetorno(0, )
19/05/26 15:30:07:764 - TACBrLibPosPrinter.PrecisaCriptografar(PosPrinter,LinhasEntreCupons)
19/05/26 15:30:07:764 - TACBrLibPosPrinter.PrecisaCriptografar - Feito Result: False
19/05/26 15:30:07:765 - LIB_ConfigGravarValor(PosPrinter, LinhasEntreCupons, 3)
19/05/26 15:30:07:765 - TACBrLibPosPrinter.PrecisaCriptografar(PosPrinter,LinhasEntreCupons)
19/05/26 15:30:07:766 - TACBrLibPosPrinter.PrecisaCriptografar - Feito Result: False
19/05/26 15:30:07:766 - TLibPosPrinterConfig.AjustarValor(tfGravar,PosPrinter,LinhasEntreCupons,3)
19/05/26 15:30:07:767 - TLibPosPrinterConfig.AjustarValor - Feito
19/05/26 15:30:07:767 - TLibPosPrinterConfig.AplicarConfiguracoes: C:\DEV\C#\ACBr\Fiserv\CliSiTef\src\ACBr.CliSiTef.Demo\bin\Debug\ACBrLib.ini
19/05/26 15:30:07:768 - Travar
19/05/26 15:30:07:768 - TLibPosPrinterConfig.AplicarConfiguracoes - Feito
19/05/26 15:30:07:769 - Destravar
19/05/26 15:30:07:769 -    SetRetorno(0, )
19/05/26 15:30:07:770 - TACBrLibPosPrinter.PrecisaCriptografar(PosPrinter,ControlePorta)
19/05/26 15:30:07:771 - TACBrLibPosPrinter.PrecisaCriptografar - Feito Result: False
19/05/26 15:30:07:771 - LIB_ConfigGravarValor(PosPrinter, ControlePorta, 0)
19/05/26 15:30:07:773 - TACBrLibPosPrinter.PrecisaCriptografar(PosPrinter,ControlePorta)
19/05/26 15:30:07:773 - TACBrLibPosPrinter.PrecisaCriptografar - Feito Result: False
19/05/26 15:30:07:774 - TLibPosPrinterConfig.AjustarValor(tfGravar,PosPrinter,ControlePorta,0)
19/05/26 15:30:07:774 - TLibPosPrinterConfig.AjustarValor - Feito
19/05/26 15:30:07:775 - TLibPosPrinterConfig.AplicarConfiguracoes: C:\DEV\C#\ACBr\Fiserv\CliSiTef\src\ACBr.CliSiTef.Demo\bin\Debug\ACBrLib.ini
19/05/26 15:30:07:775 - Travar
19/05/26 15:30:07:775 - TLibPosPrinterConfig.AplicarConfiguracoes - Feito
19/05/26 15:30:07:777 - Destravar
19/05/26 15:30:07:777 -    SetRetorno(0, )
19/05/26 15:30:07:777 - TACBrLibPosPrinter.PrecisaCriptografar(PosPrinter,CortaPapel)
19/05/26 15:30:07:777 - TACBrLibPosPrinter.PrecisaCriptografar - Feito Result: False
19/05/26 15:30:07:777 - LIB_ConfigGravarValor(PosPrinter, CortaPapel, 1)
19/05/26 15:30:07:777 - TACBrLibPosPrinter.PrecisaCriptografar(PosPrinter,CortaPapel)
19/05/26 15:30:07:777 - TACBrLibPosPrinter.PrecisaCriptografar - Feito Result: False
19/05/26 15:30:07:777 - TLibPosPrinterConfig.AjustarValor(tfGravar,PosPrinter,CortaPapel,1)
19/05/26 15:30:07:777 - TLibPosPrinterConfig.AjustarValor - Feito
19/05/26 15:30:07:777 - TLibPosPrinterConfig.AplicarConfiguracoes: C:\DEV\C#\ACBr\Fiserv\CliSiTef\src\ACBr.CliSiTef.Demo\bin\Debug\ACBrLib.ini
19/05/26 15:30:07:782 - Travar
19/05/26 15:30:07:782 - TLibPosPrinterConfig.AplicarConfiguracoes - Feito
19/05/26 15:30:07:782 - Destravar
19/05/26 15:30:07:782 -    SetRetorno(0, )
19/05/26 15:30:07:782 - TACBrLibPosPrinter.PrecisaCriptografar(PosPrinter,TraduzirTags)
19/05/26 15:30:07:782 - TACBrLibPosPrinter.PrecisaCriptografar - Feito Result: False
19/05/26 15:30:07:782 - LIB_ConfigGravarValor(PosPrinter, TraduzirTags, 1)
19/05/26 15:30:07:782 - TACBrLibPosPrinter.PrecisaCriptografar(PosPrinter,TraduzirTags)
19/05/26 15:30:07:782 - TACBrLibPosPrinter.PrecisaCriptografar - Feito Result: False
19/05/26 15:30:07:782 - TLibPosPrinterConfig.AjustarValor(tfGravar,PosPrinter,TraduzirTags,1)
19/05/26 15:30:07:782 - TLibPosPrinterConfig.AjustarValor - Feito
19/05/26 15:30:07:782 - TLibPosPrinterConfig.AplicarConfiguracoes: C:\DEV\C#\ACBr\Fiserv\CliSiTef\src\ACBr.CliSiTef.Demo\bin\Debug\ACBrLib.ini
19/05/26 15:30:07:782 - Travar
19/05/26 15:30:07:782 - TLibPosPrinterConfig.AplicarConfiguracoes - Feito
19/05/26 15:30:07:782 - Destravar
19/05/26 15:30:07:782 -    SetRetorno(0, )
19/05/26 15:30:07:790 - TACBrLibPosPrinter.PrecisaCriptografar(PosPrinter,IgnorarTags)
19/05/26 15:30:07:790 - TACBrLibPosPrinter.PrecisaCriptografar - Feito Result: False
19/05/26 15:30:07:790 - LIB_ConfigGravarValor(PosPrinter, IgnorarTags, 0)
19/05/26 15:30:07:792 - TACBrLibPosPrinter.PrecisaCriptografar(PosPrinter,IgnorarTags)
19/05/26 15:30:07:792 - TACBrLibPosPrinter.PrecisaCriptografar - Feito Result: False
19/05/26 15:30:07:792 - TLibPosPrinterConfig.AjustarValor(tfGravar,PosPrinter,IgnorarTags,0)
19/05/26 15:30:07:792 - TLibPosPrinterConfig.AjustarValor - Feito
19/05/26 15:30:07:792 - TLibPosPrinterConfig.AplicarConfiguracoes: C:\DEV\C#\ACBr\Fiserv\CliSiTef\src\ACBr.CliSiTef.Demo\bin\Debug\ACBrLib.ini
19/05/26 15:30:07:792 - Travar
19/05/26 15:30:07:792 - TLibPosPrinterConfig.AplicarConfiguracoes - Feito
19/05/26 15:30:07:792 - Destravar
19/05/26 15:30:07:792 -    SetRetorno(0, )
19/05/26 15:30:07:792 - TACBrLibPosPrinter.PrecisaCriptografar(PosPrinter,ArqLog)
19/05/26 15:30:07:792 - TACBrLibPosPrinter.PrecisaCriptografar - Feito Result: False
19/05/26 15:30:07:792 - LIB_ConfigGravarValor(PosPrinter, ArqLog, C:\DEV\C#\ACBr\Fiserv\CliSiTef\src\ACBr.CliSiTef.Demo\bin\Debug\Logs\PosPrinter.log)
19/05/26 15:30:07:792 - TACBrLibPosPrinter.PrecisaCriptografar(PosPrinter,ArqLog)
19/05/26 15:30:07:792 - TACBrLibPosPrinter.PrecisaCriptografar - Feito Result: False
19/05/26 15:30:07:792 - TLibPosPrinterConfig.AjustarValor(tfGravar,PosPrinter,ArqLog,C:\DEV\C#\ACBr\Fiserv\CliSiTef\src\ACBr.CliSiTef.Demo\bin\Debug\Logs\PosPrinter.log)
19/05/26 15:30:07:792 - TLibPosPrinterConfig.AjustarValor - Feito
19/05/26 15:30:07:792 - TLibPosPrinterConfig.AplicarConfiguracoes: C:\DEV\C#\ACBr\Fiserv\CliSiTef\src\ACBr.CliSiTef.Demo\bin\Debug\ACBrLib.ini
19/05/26 15:30:07:792 - Travar
19/05/26 15:30:07:792 - TLibPosPrinterConfig.AplicarConfiguracoes - Feito
19/05/26 15:30:07:792 - Destravar
19/05/26 15:30:07:802 -    SetRetorno(0, )
19/05/26 15:30:07:802 - TACBrLibPosPrinter.PrecisaCriptografar(PosPrinter,PaginaDeCodigo)
19/05/26 15:30:07:802 - TACBrLibPosPrinter.PrecisaCriptografar - Feito Result: False
19/05/26 15:30:07:802 - LIB_ConfigGravarValor(PosPrinter, PaginaDeCodigo, 2)
19/05/26 15:30:07:802 - TACBrLibPosPrinter.PrecisaCriptografar(PosPrinter,PaginaDeCodigo)
19/05/26 15:30:07:802 - TACBrLibPosPrinter.PrecisaCriptografar - Feito Result: False
19/05/26 15:30:07:802 - TLibPosPrinterConfig.AjustarValor(tfGravar,PosPrinter,PaginaDeCodigo,2)
19/05/26 15:30:07:802 - TLibPosPrinterConfig.AjustarValor - Feito
19/05/26 15:30:07:802 - TLibPosPrinterConfig.AplicarConfiguracoes: C:\DEV\C#\ACBr\Fiserv\CliSiTef\src\ACBr.CliSiTef.Demo\bin\Debug\ACBrLib.ini
19/05/26 15:30:07:807 - Travar
19/05/26 15:30:07:808 - TLibPosPrinterConfig.AplicarConfiguracoes - Feito
19/05/26 15:30:07:808 - Destravar
19/05/26 15:30:07:808 -    SetRetorno(0, )
19/05/26 15:30:07:808 - LIB_ConfigLerValor(PosPrinter, ArqLog)
19/05/26 15:30:07:808 - TACBrLibPosPrinter.PrecisaCriptografar(PosPrinter,ArqLog)
19/05/26 15:30:07:808 - TACBrLibPosPrinter.PrecisaCriptografar - Feito Result: False
19/05/26 15:30:07:808 - TLibPosPrinterConfig.AjustarValor(tfLer,PosPrinter,ArqLog,C:\DEV\C#\ACBr\Fiserv\CliSiTef\src\ACBr.CliSiTef.Demo\bin\Debug\Logs\PosPrinter.log)
19/05/26 15:30:07:812 - TLibPosPrinterConfig.AjustarValor - Feito
19/05/26 15:30:07:812 -    MoverStringParaPChar. StrLen:83, BufLen:256
19/05/26 15:30:07:812 - TACBrLibPosPrinter.PrecisaCriptografar(PosPrinter,ArqLog)
19/05/26 15:30:07:812 - TACBrLibPosPrinter.PrecisaCriptografar - Feito Result: False
19/05/26 15:30:07:812 -    Valor:C:\DEV\C#\ACBr\Fiserv\CliSiTef\src\ACBr.CliSiTef.Demo\bin\Debug\Logs\PosPrinter.log, len:83
19/05/26 15:30:07:812 -    SetRetorno(0, C:\DEV\C#\ACBr\Fiserv\CliSiTef\src\ACBr.CliSiTef.Demo\bin\Debug\Logs\PosPrinter.log)
19/05/26 15:30:07:812 - TACBrLibPosPrinter.PrecisaCriptografar(PosPrinter,ArqLog)
19/05/26 15:30:07:812 - TACBrLibPosPrinter.PrecisaCriptografar - Feito Result: False
19/05/26 15:30:07:812 - LIB_ConfigGravarValor(PosPrinter, ArqLog, C:\DEV\C#\ACBr\Fiserv\CliSiTef\src\ACBr.CliSiTef.Demo\bin\Debug\Logs\PosPrinter.log)
19/05/26 15:30:07:812 - TACBrLibPosPrinter.PrecisaCriptografar(PosPrinter,ArqLog)
19/05/26 15:30:07:812 - TACBrLibPosPrinter.PrecisaCriptografar - Feito Result: False
19/05/26 15:30:07:812 - TLibPosPrinterConfig.AjustarValor(tfGravar,PosPrinter,ArqLog,C:\DEV\C#\ACBr\Fiserv\CliSiTef\src\ACBr.CliSiTef.Demo\bin\Debug\Logs\PosPrinter.log)
19/05/26 15:30:07:812 - TLibPosPrinterConfig.AjustarValor - Feito
19/05/26 15:30:07:812 - TLibPosPrinterConfig.AplicarConfiguracoes: C:\DEV\C#\ACBr\Fiserv\CliSiTef\src\ACBr.CliSiTef.Demo\bin\Debug\ACBrLib.ini
19/05/26 15:30:07:812 - Travar
19/05/26 15:30:07:812 - TLibPosPrinterConfig.AplicarConfiguracoes - Feito
19/05/26 15:30:07:812 - Destravar
19/05/26 15:30:07:812 -    SetRetorno(0, )
19/05/26 15:30:07:812 - LIB_ConfigLerValor(PosPrinter, ArqLog)
19/05/26 15:30:07:812 - TACBrLibPosPrinter.PrecisaCriptografar(PosPrinter,ArqLog)
19/05/26 15:30:07:812 - TACBrLibPosPrinter.PrecisaCriptografar - Feito Result: False
19/05/26 15:30:07:822 - TLibPosPrinterConfig.AjustarValor(tfLer,PosPrinter,ArqLog,C:\DEV\C#\ACBr\Fiserv\CliSiTef\src\ACBr.CliSiTef.Demo\bin\Debug\Logs\PosPrinter.log)
19/05/26 15:30:07:822 - TLibPosPrinterConfig.AjustarValor - Feito
19/05/26 15:30:07:822 -    MoverStringParaPChar. StrLen:83, BufLen:256
19/05/26 15:30:07:823 - TACBrLibPosPrinter.PrecisaCriptografar(PosPrinter,ArqLog)
19/05/26 15:30:07:823 - TACBrLibPosPrinter.PrecisaCriptografar - Feito Result: False
19/05/26 15:30:07:823 -    Valor:C:\DEV\C#\ACBr\Fiserv\CliSiTef\src\ACBr.CliSiTef.Demo\bin\Debug\Logs\PosPrinter.log, len:83
19/05/26 15:30:07:824 -    SetRetorno(0, C:\DEV\C#\ACBr\Fiserv\CliSiTef\src\ACBr.CliSiTef.Demo\bin\Debug\Logs\PosPrinter.log)
19/05/26 15:30:07:824 - LIB_ConfigGravar()
19/05/26 15:30:07:824 - Travar
19/05/26 15:30:07:824 - TLibPosPrinterConfig.Gravar: C:\DEV\C#\ACBr\Fiserv\CliSiTef\src\ACBr.CliSiTef.Demo\bin\Debug\ACBrLib.ini
19/05/26 15:30:07:824 - TLibPosPrinterConfig.Gravar - Feito
19/05/26 15:30:07:824 - Destravar
19/05/26 15:30:07:824 -    SetRetorno(0, )
19/05/26 15:30:08:840 - LIB_ConfigLer()
19/05/26 15:30:08:842 - Travar
19/05/26 15:30:08:842 - TLibPosPrinterConfig.Ler: C:\DEV\C#\ACBr\Fiserv\CliSiTef\src\ACBr.CliSiTef.Demo\bin\Debug\ACBrLib.ini
19/05/26 15:30:08:842 - TLibPosPrinterConfig.AplicarConfiguracoes: C:\DEV\C#\ACBr\Fiserv\CliSiTef\src\ACBr.CliSiTef.Demo\bin\Debug\ACBrLib.ini
19/05/26 15:30:08:845 - Travar
19/05/26 15:30:08:845 - TLibPosPrinterConfig.AplicarConfiguracoes - Feito
19/05/26 15:30:08:847 - Destravar
19/05/26 15:30:08:847 - TLibPosPrinterConfig.Ler - Feito
19/05/26 15:30:08:849 - Destravar
19/05/26 15:30:08:849 -    SetRetorno(0, )
19/05/26 15:30:10:151 - LIB_ConfigLer()
19/05/26 15:30:10:151 - Travar
19/05/26 15:30:10:151 - TLibPosPrinterConfig.Ler: C:\DEV\C#\ACBr\Fiserv\CliSiTef\src\ACBr.CliSiTef.Demo\bin\Debug\ACBrLib.ini
19/05/26 15:30:10:151 - TLibPosPrinterConfig.AplicarConfiguracoes: C:\DEV\C#\ACBr\Fiserv\CliSiTef\src\ACBr.CliSiTef.Demo\bin\Debug\ACBrLib.ini
19/05/26 15:30:10:151 - Travar
19/05/26 15:30:10:151 - TLibPosPrinterConfig.AplicarConfiguracoes - Feito
19/05/26 15:30:10:151 - Destravar
19/05/26 15:30:10:157 - TLibPosPrinterConfig.Ler - Feito
19/05/26 15:30:10:158 - Destravar
19/05/26 15:30:10:158 -    SetRetorno(0, )
19/05/26 15:30:10:158 - LIB_ConfigLerValor(PosPrinter, Modelo)
19/05/26 15:30:10:158 - TACBrLibPosPrinter.PrecisaCriptografar(PosPrinter,Modelo)
19/05/26 15:30:10:158 - TACBrLibPosPrinter.PrecisaCriptografar - Feito Result: False
19/05/26 15:30:10:158 - TLibPosPrinterConfig.AjustarValor(tfLer,PosPrinter,Modelo,1)
19/05/26 15:30:10:158 - TLibPosPrinterConfig.AjustarValor - Feito
19/05/26 15:30:10:158 -    MoverStringParaPChar. StrLen:1, BufLen:256
19/05/26 15:30:10:161 - TACBrLibPosPrinter.PrecisaCriptografar(PosPrinter,Modelo)
19/05/26 15:30:10:161 - TACBrLibPosPrinter.PrecisaCriptografar - Feito Result: False
19/05/26 15:30:10:161 -    Valor:1, len:1
19/05/26 15:30:10:161 -    SetRetorno(0, 1)
19/05/26 15:30:10:161 - LIB_ConfigLerValor(PosPrinter, PaginaDeCodigo)
19/05/26 15:30:10:161 - TACBrLibPosPrinter.PrecisaCriptografar(PosPrinter,PaginaDeCodigo)
19/05/26 15:30:10:165 - TACBrLibPosPrinter.PrecisaCriptografar - Feito Result: False
19/05/26 15:30:10:165 - TLibPosPrinterConfig.AjustarValor(tfLer,PosPrinter,PaginaDeCodigo,2)
19/05/26 15:30:10:165 - TLibPosPrinterConfig.AjustarValor - Feito
19/05/26 15:30:10:165 -    MoverStringParaPChar. StrLen:1, BufLen:256
19/05/26 15:30:10:165 - TACBrLibPosPrinter.PrecisaCriptografar(PosPrinter,PaginaDeCodigo)
19/05/26 15:30:10:165 - TACBrLibPosPrinter.PrecisaCriptografar - Feito Result: False
19/05/26 15:30:10:165 -    Valor:2, len:1
19/05/26 15:30:10:165 -    SetRetorno(0, 2)
19/05/26 15:30:10:165 - POS_AcharPortas
19/05/26 15:30:10:165 - Travar
19/05/26 15:30:10:171 -    MoverStringParaPChar. StrLen:100, BufLen:256
19/05/26 15:30:10:171 -    SetRetorno(0, COM7||USB:Elgin, I9||RAW:ELGIN i9(USB)|RAW:Microsoft Print to PDF|RAW:Canon G6000 series (Copiar 1)|)
19/05/26 15:30:10:173 - Destravar
19/05/26 15:30:10:174 - LIB_ConfigLerValor(PosPrinter, Porta)
19/05/26 15:30:10:174 - TACBrLibPosPrinter.PrecisaCriptografar(PosPrinter,Porta)
19/05/26 15:30:10:174 - TACBrLibPosPrinter.PrecisaCriptografar - Feito Result: False
19/05/26 15:30:10:174 - TLibPosPrinterConfig.AjustarValor(tfLer,PosPrinter,Porta,RAW:ELGIN i9(USB))
19/05/26 15:30:10:174 - TLibPosPrinterConfig.AjustarValor - Feito
19/05/26 15:30:10:174 -    MoverStringParaPChar. StrLen:17, BufLen:256
19/05/26 15:30:10:174 - TACBrLibPosPrinter.PrecisaCriptografar(PosPrinter,Porta)
19/05/26 15:30:10:174 - TACBrLibPosPrinter.PrecisaCriptografar - Feito Result: False
19/05/26 15:30:10:174 -    Valor:RAW:ELGIN i9(USB), len:17
19/05/26 15:30:10:174 -    SetRetorno(0, RAW:ELGIN i9(USB))
19/05/26 15:30:10:174 - LIB_ConfigLerValor(PosPrinter, Porta)
19/05/26 15:30:10:181 - TACBrLibPosPrinter.PrecisaCriptografar(PosPrinter,Porta)
19/05/26 15:30:10:181 - TACBrLibPosPrinter.PrecisaCriptografar - Feito Result: False
19/05/26 15:30:10:181 - TLibPosPrinterConfig.AjustarValor(tfLer,PosPrinter,Porta,RAW:ELGIN i9(USB))
19/05/26 15:30:10:181 - TLibPosPrinterConfig.AjustarValor - Feito
19/05/26 15:30:10:181 -    MoverStringParaPChar. StrLen:17, BufLen:256
19/05/26 15:30:10:181 - TACBrLibPosPrinter.PrecisaCriptografar(PosPrinter,Porta)
19/05/26 15:30:10:181 - TACBrLibPosPrinter.PrecisaCriptografar - Feito Result: False
19/05/26 15:30:10:181 -    Valor:RAW:ELGIN i9(USB), len:17
19/05/26 15:30:10:181 -    SetRetorno(0, RAW:ELGIN i9(USB))
19/05/26 15:30:10:181 - LIB_ConfigLerValor(PosPrinter, Porta)
19/05/26 15:30:10:181 - TACBrLibPosPrinter.PrecisaCriptografar(PosPrinter,Porta)
19/05/26 15:30:10:181 - TACBrLibPosPrinter.PrecisaCriptografar - Feito Result: False
19/05/26 15:30:10:181 - TLibPosPrinterConfig.AjustarValor(tfLer,PosPrinter,Porta,RAW:ELGIN i9(USB))
19/05/26 15:30:10:181 - TLibPosPrinterConfig.AjustarValor - Feito
19/05/26 15:30:10:181 -    MoverStringParaPChar. StrLen:17, BufLen:256
19/05/26 15:30:10:181 - TACBrLibPosPrinter.PrecisaCriptografar(PosPrinter,Porta)
19/05/26 15:30:10:181 - TACBrLibPosPrinter.PrecisaCriptografar - Feito Result: False
19/05/26 15:30:10:189 -    Valor:RAW:ELGIN i9(USB), len:17
19/05/26 15:30:10:189 -    SetRetorno(0, RAW:ELGIN i9(USB))
19/05/26 15:30:10:190 - LIB_ConfigLerValor(PosPrinter, ColunasFonteNormal)
19/05/26 15:30:10:191 - TACBrLibPosPrinter.PrecisaCriptografar(PosPrinter,ColunasFonteNormal)
19/05/26 15:30:10:191 - TACBrLibPosPrinter.PrecisaCriptografar - Feito Result: False
19/05/26 15:30:10:191 - TLibPosPrinterConfig.AjustarValor(tfLer,PosPrinter,ColunasFonteNormal,48)
19/05/26 15:30:10:191 - TLibPosPrinterConfig.AjustarValor - Feito
19/05/26 15:30:10:191 -    MoverStringParaPChar. StrLen:2, BufLen:256
19/05/26 15:30:10:191 - TACBrLibPosPrinter.PrecisaCriptografar(PosPrinter,ColunasFonteNormal)
19/05/26 15:30:10:191 - TACBrLibPosPrinter.PrecisaCriptografar - Feito Result: False
19/05/26 15:30:10:191 -    Valor:48, len:2
19/05/26 15:30:10:191 -    SetRetorno(0, 48)
19/05/26 15:30:10:191 - LIB_ConfigLerValor(PosPrinter, EspacoEntreLinhas)
19/05/26 15:30:10:191 - TACBrLibPosPrinter.PrecisaCriptografar(PosPrinter,EspacoEntreLinhas)
19/05/26 15:30:10:191 - TACBrLibPosPrinter.PrecisaCriptografar - Feito Result: False
19/05/26 15:30:10:191 - TLibPosPrinterConfig.AjustarValor(tfLer,PosPrinter,EspacoEntreLinhas,0)
19/05/26 15:30:10:191 - TLibPosPrinterConfig.AjustarValor - Feito
19/05/26 15:30:10:191 -    MoverStringParaPChar. StrLen:1, BufLen:256
19/05/26 15:30:10:191 - TACBrLibPosPrinter.PrecisaCriptografar(PosPrinter,EspacoEntreLinhas)
19/05/26 15:30:10:191 - TACBrLibPosPrinter.PrecisaCriptografar - Feito Result: False
19/05/26 15:30:10:191 -    Valor:0, len:1
19/05/26 15:30:10:191 -    SetRetorno(0, 0)
19/05/26 15:30:10:191 - LIB_ConfigLerValor(PosPrinter, LinhasBuffer)
19/05/26 15:30:10:191 - TACBrLibPosPrinter.PrecisaCriptografar(PosPrinter,LinhasBuffer)
19/05/26 15:30:10:191 - TACBrLibPosPrinter.PrecisaCriptografar - Feito Result: False
19/05/26 15:30:10:201 - TLibPosPrinterConfig.AjustarValor(tfLer,PosPrinter,LinhasBuffer,0)
19/05/26 15:30:10:201 - TLibPosPrinterConfig.AjustarValor - Feito
19/05/26 15:30:10:201 -    MoverStringParaPChar. StrLen:1, BufLen:256
19/05/26 15:30:10:201 - TACBrLibPosPrinter.PrecisaCriptografar(PosPrinter,LinhasBuffer)
19/05/26 15:30:10:201 - TACBrLibPosPrinter.PrecisaCriptografar - Feito Result: False
19/05/26 15:30:10:201 -    Valor:0, len:1
19/05/26 15:30:10:201 -    SetRetorno(0, 0)
19/05/26 15:30:10:201 - LIB_ConfigLerValor(PosPrinter, LinhasEntreCupons)
19/05/26 15:30:10:201 - TACBrLibPosPrinter.PrecisaCriptografar(PosPrinter,LinhasEntreCupons)
19/05/26 15:30:10:201 - TACBrLibPosPrinter.PrecisaCriptografar - Feito Result: False
19/05/26 15:30:10:206 - TLibPosPrinterConfig.AjustarValor(tfLer,PosPrinter,LinhasEntreCupons,3)
19/05/26 15:30:10:207 - TLibPosPrinterConfig.AjustarValor - Feito
19/05/26 15:30:10:208 -    MoverStringParaPChar. StrLen:1, BufLen:256
19/05/26 15:30:10:208 - TACBrLibPosPrinter.PrecisaCriptografar(PosPrinter,LinhasEntreCupons)
19/05/26 15:30:10:209 - TACBrLibPosPrinter.PrecisaCriptografar - Feito Result: False
19/05/26 15:30:10:209 -    Valor:3, len:1
19/05/26 15:30:10:210 -    SetRetorno(0, 3)
19/05/26 15:30:10:210 - LIB_ConfigLerValor(PosPrinter, ControlePorta)
19/05/26 15:30:10:210 - TACBrLibPosPrinter.PrecisaCriptografar(PosPrinter,ControlePorta)
19/05/26 15:30:10:211 - TACBrLibPosPrinter.PrecisaCriptografar - Feito Result: False
19/05/26 15:30:10:211 - TLibPosPrinterConfig.AjustarValor(tfLer,PosPrinter,ControlePorta,0)
19/05/26 15:30:10:211 - TLibPosPrinterConfig.AjustarValor - Feito
19/05/26 15:30:10:212 -    MoverStringParaPChar. StrLen:1, BufLen:256
19/05/26 15:30:10:212 - TACBrLibPosPrinter.PrecisaCriptografar(PosPrinter,ControlePorta)
19/05/26 15:30:10:213 - TACBrLibPosPrinter.PrecisaCriptografar - Feito Result: False
19/05/26 15:30:10:213 -    Valor:0, len:1
19/05/26 15:30:10:214 -    SetRetorno(0, 0)
19/05/26 15:30:10:214 - LIB_ConfigLerValor(PosPrinter, CortaPapel)
19/05/26 15:30:10:215 - TACBrLibPosPrinter.PrecisaCriptografar(PosPrinter,CortaPapel)
19/05/26 15:30:10:215 - TACBrLibPosPrinter.PrecisaCriptografar - Feito Result: False
19/05/26 15:30:10:215 - TLibPosPrinterConfig.AjustarValor(tfLer,PosPrinter,CortaPapel,1)
19/05/26 15:30:10:216 - TLibPosPrinterConfig.AjustarValor - Feito
19/05/26 15:30:10:216 -    MoverStringParaPChar. StrLen:1, BufLen:256
19/05/26 15:30:10:217 - TACBrLibPosPrinter.PrecisaCriptografar(PosPrinter,CortaPapel)
19/05/26 15:30:10:217 - TACBrLibPosPrinter.PrecisaCriptografar - Feito Result: False
19/05/26 15:30:10:218 -    Valor:1, len:1
19/05/26 15:30:10:218 -    SetRetorno(0, 1)
19/05/26 15:30:10:219 - LIB_ConfigLerValor(PosPrinter, TraduzirTags)
19/05/26 15:30:10:219 - TACBrLibPosPrinter.PrecisaCriptografar(PosPrinter,TraduzirTags)
19/05/26 15:30:10:220 - TACBrLibPosPrinter.PrecisaCriptografar - Feito Result: False
19/05/26 15:30:10:220 - TLibPosPrinterConfig.AjustarValor(tfLer,PosPrinter,TraduzirTags,1)
19/05/26 15:30:10:221 - TLibPosPrinterConfig.AjustarValor - Feito
19/05/26 15:30:10:221 -    MoverStringParaPChar. StrLen:1, BufLen:256
19/05/26 15:30:10:221 - TACBrLibPosPrinter.PrecisaCriptografar(PosPrinter,TraduzirTags)
19/05/26 15:30:10:222 - TACBrLibPosPrinter.PrecisaCriptografar - Feito Result: False
19/05/26 15:30:10:222 -    Valor:1, len:1
19/05/26 15:30:10:223 -    SetRetorno(0, 1)
19/05/26 15:30:10:223 - LIB_ConfigLerValor(PosPrinter, IgnorarTags)
19/05/26 15:30:10:224 - TACBrLibPosPrinter.PrecisaCriptografar(PosPrinter,IgnorarTags)
19/05/26 15:30:10:224 - TACBrLibPosPrinter.PrecisaCriptografar - Feito Result: False
19/05/26 15:30:10:224 - TLibPosPrinterConfig.AjustarValor(tfLer,PosPrinter,IgnorarTags,0)
19/05/26 15:30:10:224 - TLibPosPrinterConfig.AjustarValor - Feito
19/05/26 15:30:10:224 -    MoverStringParaPChar. StrLen:1, BufLen:256
19/05/26 15:30:10:224 - TACBrLibPosPrinter.PrecisaCriptografar(PosPrinter,IgnorarTags)
19/05/26 15:30:10:224 - TACBrLibPosPrinter.PrecisaCriptografar - Feito Result: False
19/05/26 15:30:10:224 -    Valor:0, len:1
19/05/26 15:30:10:224 -    SetRetorno(0, 0)
19/05/26 15:30:10:224 - LIB_ConfigLerValor(PosPrinter, ArqLog)
19/05/26 15:30:10:224 - TACBrLibPosPrinter.PrecisaCriptografar(PosPrinter,ArqLog)
19/05/26 15:30:10:224 - TACBrLibPosPrinter.PrecisaCriptografar - Feito Result: False
19/05/26 15:30:10:224 - TLibPosPrinterConfig.AjustarValor(tfLer,PosPrinter,ArqLog,C:\DEV\C#\ACBr\Fiserv\CliSiTef\src\ACBr.CliSiTef.Demo\bin\Debug\Logs\PosPrinter.log)
19/05/26 15:30:10:224 - TLibPosPrinterConfig.AjustarValor - Feito
19/05/26 15:30:10:231 -    MoverStringParaPChar. StrLen:83, BufLen:256
19/05/26 15:30:10:231 - TACBrLibPosPrinter.PrecisaCriptografar(PosPrinter,ArqLog)
19/05/26 15:30:10:231 - TACBrLibPosPrinter.PrecisaCriptografar - Feito Result: False
19/05/26 15:30:10:231 -    Valor:C:\DEV\C#\ACBr\Fiserv\CliSiTef\src\ACBr.CliSiTef.Demo\bin\Debug\Logs\PosPrinter.log, len:83
19/05/26 15:30:10:231 -    SetRetorno(0, C:\DEV\C#\ACBr\Fiserv\CliSiTef\src\ACBr.CliSiTef.Demo\bin\Debug\Logs\PosPrinter.log)
19/05/26 15:30:11:880 - TACBrLibPosPrinter.PrecisaCriptografar(PosPrinter,Modelo)
19/05/26 15:30:11:880 - TACBrLibPosPrinter.PrecisaCriptografar - Feito Result: False
19/05/26 15:30:11:881 - LIB_ConfigGravarValor(PosPrinter, Modelo, 1)
19/05/26 15:30:11:881 - TACBrLibPosPrinter.PrecisaCriptografar(PosPrinter,Modelo)
19/05/26 15:30:11:882 - TACBrLibPosPrinter.PrecisaCriptografar - Feito Result: False
19/05/26 15:30:11:882 - TLibPosPrinterConfig.AjustarValor(tfGravar,PosPrinter,Modelo,1)
19/05/26 15:30:11:883 - TLibPosPrinterConfig.AjustarValor - Feito
19/05/26 15:30:11:883 - TLibPosPrinterConfig.AplicarConfiguracoes: C:\DEV\C#\ACBr\Fiserv\CliSiTef\src\ACBr.CliSiTef.Demo\bin\Debug\ACBrLib.ini
19/05/26 15:30:11:884 - Travar
19/05/26 15:30:11:884 - TLibPosPrinterConfig.AplicarConfiguracoes - Feito
19/05/26 15:30:11:885 - Destravar
19/05/26 15:30:11:885 -    SetRetorno(0, )
19/05/26 15:30:11:886 - TACBrLibPosPrinter.PrecisaCriptografar(PosPrinter,Porta)
19/05/26 15:30:11:886 - TACBrLibPosPrinter.PrecisaCriptografar - Feito Result: False
19/05/26 15:30:11:886 - LIB_ConfigGravarValor(PosPrinter, Porta, RAW:ELGIN i9(USB))
19/05/26 15:30:11:887 - TACBrLibPosPrinter.PrecisaCriptografar(PosPrinter,Porta)
19/05/26 15:30:11:887 - TACBrLibPosPrinter.PrecisaCriptografar - Feito Result: False
19/05/26 15:30:11:888 - TLibPosPrinterConfig.AjustarValor(tfGravar,PosPrinter,Porta,RAW:ELGIN i9(USB))
19/05/26 15:30:11:888 - TLibPosPrinterConfig.AjustarValor - Feito
19/05/26 15:30:11:889 - TLibPosPrinterConfig.AplicarConfiguracoes: C:\DEV\C#\ACBr\Fiserv\CliSiTef\src\ACBr.CliSiTef.Demo\bin\Debug\ACBrLib.ini
19/05/26 15:30:11:889 - Travar
19/05/26 15:30:11:891 - TLibPosPrinterConfig.AplicarConfiguracoes - Feito
19/05/26 15:30:11:891 - Destravar
19/05/26 15:30:11:891 -    SetRetorno(0, )
19/05/26 15:30:11:891 - TACBrLibPosPrinter.PrecisaCriptografar(PosPrinter,ColunasFonteNormal)
19/05/26 15:30:11:891 - TACBrLibPosPrinter.PrecisaCriptografar - Feito Result: False
19/05/26 15:30:11:891 - LIB_ConfigGravarValor(PosPrinter, ColunasFonteNormal, 48)
19/05/26 15:30:11:891 - TACBrLibPosPrinter.PrecisaCriptografar(PosPrinter,ColunasFonteNormal)
19/05/26 15:30:11:891 - TACBrLibPosPrinter.PrecisaCriptografar - Feito Result: False
19/05/26 15:30:11:891 - TLibPosPrinterConfig.AjustarValor(tfGravar,PosPrinter,ColunasFonteNormal,48)
19/05/26 15:30:11:891 - TLibPosPrinterConfig.AjustarValor - Feito
19/05/26 15:30:11:891 - TLibPosPrinterConfig.AplicarConfiguracoes: C:\DEV\C#\ACBr\Fiserv\CliSiTef\src\ACBr.CliSiTef.Demo\bin\Debug\ACBrLib.ini
19/05/26 15:30:11:891 - Travar
19/05/26 15:30:11:897 - TLibPosPrinterConfig.AplicarConfiguracoes - Feito
19/05/26 15:30:11:897 - Destravar
19/05/26 15:30:11:897 -    SetRetorno(0, )
19/05/26 15:30:11:897 - TACBrLibPosPrinter.PrecisaCriptografar(PosPrinter,EspacoEntreLinhas)
19/05/26 15:30:11:897 - TACBrLibPosPrinter.PrecisaCriptografar - Feito Result: False
19/05/26 15:30:11:899 - LIB_ConfigGravarValor(PosPrinter, EspacoEntreLinhas, 0)
19/05/26 15:30:11:899 - TACBrLibPosPrinter.PrecisaCriptografar(PosPrinter,EspacoEntreLinhas)
19/05/26 15:30:11:899 - TACBrLibPosPrinter.PrecisaCriptografar - Feito Result: False
19/05/26 15:30:11:899 - TLibPosPrinterConfig.AjustarValor(tfGravar,PosPrinter,EspacoEntreLinhas,0)
19/05/26 15:30:11:899 - TLibPosPrinterConfig.AjustarValor - Feito
19/05/26 15:30:11:901 - TLibPosPrinterConfig.AplicarConfiguracoes: C:\DEV\C#\ACBr\Fiserv\CliSiTef\src\ACBr.CliSiTef.Demo\bin\Debug\ACBrLib.ini
19/05/26 15:30:11:901 - Travar
19/05/26 15:30:11:901 - TLibPosPrinterConfig.AplicarConfiguracoes - Feito
19/05/26 15:30:11:901 - Destravar
19/05/26 15:30:11:901 -    SetRetorno(0, )
19/05/26 15:30:11:901 - TACBrLibPosPrinter.PrecisaCriptografar(PosPrinter,LinhasBuffer)
19/05/26 15:30:11:901 - TACBrLibPosPrinter.PrecisaCriptografar - Feito Result: False
19/05/26 15:30:11:901 - LIB_ConfigGravarValor(PosPrinter, LinhasBuffer, 0)
19/05/26 15:30:11:901 - TACBrLibPosPrinter.PrecisaCriptografar(PosPrinter,LinhasBuffer)
19/05/26 15:30:11:906 - TACBrLibPosPrinter.PrecisaCriptografar - Feito Result: False
19/05/26 15:30:11:906 - TLibPosPrinterConfig.AjustarValor(tfGravar,PosPrinter,LinhasBuffer,0)
19/05/26 15:30:11:907 - TLibPosPrinterConfig.AjustarValor - Feito
19/05/26 15:30:11:908 - TLibPosPrinterConfig.AplicarConfiguracoes: C:\DEV\C#\ACBr\Fiserv\CliSiTef\src\ACBr.CliSiTef.Demo\bin\Debug\ACBrLib.ini
19/05/26 15:30:11:908 - Travar
19/05/26 15:30:11:909 - TLibPosPrinterConfig.AplicarConfiguracoes - Feito
19/05/26 15:30:11:909 - Destravar
19/05/26 15:30:11:909 -    SetRetorno(0, )
19/05/26 15:30:11:911 - TACBrLibPosPrinter.PrecisaCriptografar(PosPrinter,LinhasEntreCupons)
19/05/26 15:30:11:911 - TACBrLibPosPrinter.PrecisaCriptografar - Feito Result: False
19/05/26 15:30:11:911 - LIB_ConfigGravarValor(PosPrinter, LinhasEntreCupons, 3)
19/05/26 15:30:11:911 - TACBrLibPosPrinter.PrecisaCriptografar(PosPrinter,LinhasEntreCupons)
19/05/26 15:30:11:911 - TACBrLibPosPrinter.PrecisaCriptografar - Feito Result: False
19/05/26 15:30:11:914 - TLibPosPrinterConfig.AjustarValor(tfGravar,PosPrinter,LinhasEntreCupons,3)
19/05/26 15:30:11:914 - TLibPosPrinterConfig.AjustarValor - Feito
19/05/26 15:30:11:914 - TLibPosPrinterConfig.AplicarConfiguracoes: C:\DEV\C#\ACBr\Fiserv\CliSiTef\src\ACBr.CliSiTef.Demo\bin\Debug\ACBrLib.ini
19/05/26 15:30:11:914 - Travar
19/05/26 15:30:11:916 - TLibPosPrinterConfig.AplicarConfiguracoes - Feito
19/05/26 15:30:11:916 - Destravar
19/05/26 15:30:11:916 -    SetRetorno(0, )
19/05/26 15:30:11:916 - TACBrLibPosPrinter.PrecisaCriptografar(PosPrinter,ControlePorta)
19/05/26 15:30:11:918 - TACBrLibPosPrinter.PrecisaCriptografar - Feito Result: False
19/05/26 15:30:11:918 - LIB_ConfigGravarValor(PosPrinter, ControlePorta, 0)
19/05/26 15:30:11:918 - TACBrLibPosPrinter.PrecisaCriptografar(PosPrinter,ControlePorta)
19/05/26 15:30:11:918 - TACBrLibPosPrinter.PrecisaCriptografar - Feito Result: False
19/05/26 15:30:11:918 - TLibPosPrinterConfig.AjustarValor(tfGravar,PosPrinter,ControlePorta,0)
19/05/26 15:30:11:920 - TLibPosPrinterConfig.AjustarValor - Feito
19/05/26 15:30:11:920 - TLibPosPrinterConfig.AplicarConfiguracoes: C:\DEV\C#\ACBr\Fiserv\CliSiTef\src\ACBr.CliSiTef.Demo\bin\Debug\ACBrLib.ini
19/05/26 15:30:11:920 - Travar
19/05/26 15:30:11:921 - TLibPosPrinterConfig.AplicarConfiguracoes - Feito
19/05/26 15:30:11:921 - Destravar
19/05/26 15:30:11:921 -    SetRetorno(0, )
19/05/26 15:30:11:921 - TACBrLibPosPrinter.PrecisaCriptografar(PosPrinter,CortaPapel)
19/05/26 15:30:11:923 - TACBrLibPosPrinter.PrecisaCriptografar - Feito Result: False
19/05/26 15:30:11:923 - LIB_ConfigGravarValor(PosPrinter, CortaPapel, 1)
19/05/26 15:30:11:923 - TACBrLibPosPrinter.PrecisaCriptografar(PosPrinter,CortaPapel)
19/05/26 15:30:11:923 - TACBrLibPosPrinter.PrecisaCriptografar - Feito Result: False
19/05/26 15:30:11:923 - TLibPosPrinterConfig.AjustarValor(tfGravar,PosPrinter,CortaPapel,1)
19/05/26 15:30:11:923 - TLibPosPrinterConfig.AjustarValor - Feito
19/05/26 15:30:11:923 - TLibPosPrinterConfig.AplicarConfiguracoes: C:\DEV\C#\ACBr\Fiserv\CliSiTef\src\ACBr.CliSiTef.Demo\bin\Debug\ACBrLib.ini
19/05/26 15:30:11:923 - Travar
19/05/26 15:30:11:923 - TLibPosPrinterConfig.AplicarConfiguracoes - Feito
19/05/26 15:30:11:923 - Destravar
19/05/26 15:30:11:929 -    SetRetorno(0, )
19/05/26 15:30:11:929 - TACBrLibPosPrinter.PrecisaCriptografar(PosPrinter,TraduzirTags)
19/05/26 15:30:11:929 - TACBrLibPosPrinter.PrecisaCriptografar - Feito Result: False
19/05/26 15:30:11:929 - LIB_ConfigGravarValor(PosPrinter, TraduzirTags, 1)
19/05/26 15:30:11:929 - TACBrLibPosPrinter.PrecisaCriptografar(PosPrinter,TraduzirTags)
19/05/26 15:30:11:929 - TACBrLibPosPrinter.PrecisaCriptografar - Feito Result: False
19/05/26 15:30:11:932 - TLibPosPrinterConfig.AjustarValor(tfGravar,PosPrinter,TraduzirTags,1)
19/05/26 15:30:11:932 - TLibPosPrinterConfig.AjustarValor - Feito
19/05/26 15:30:11:932 - TLibPosPrinterConfig.AplicarConfiguracoes: C:\DEV\C#\ACBr\Fiserv\CliSiTef\src\ACBr.CliSiTef.Demo\bin\Debug\ACBrLib.ini
19/05/26 15:30:11:932 - Travar
19/05/26 15:30:11:932 - TLibPosPrinterConfig.AplicarConfiguracoes - Feito
19/05/26 15:30:11:932 - Destravar
19/05/26 15:30:11:932 -    SetRetorno(0, )
19/05/26 15:30:11:932 - TACBrLibPosPrinter.PrecisaCriptografar(PosPrinter,IgnorarTags)
19/05/26 15:30:11:932 - TACBrLibPosPrinter.PrecisaCriptografar - Feito Result: False
19/05/26 15:30:11:932 - LIB_ConfigGravarValor(PosPrinter, IgnorarTags, 0)
19/05/26 15:30:11:932 - TACBrLibPosPrinter.PrecisaCriptografar(PosPrinter,IgnorarTags)
19/05/26 15:30:11:932 - TACBrLibPosPrinter.PrecisaCriptografar - Feito Result: False
19/05/26 15:30:11:932 - TLibPosPrinterConfig.AjustarValor(tfGravar,PosPrinter,IgnorarTags,0)
19/05/26 15:30:11:932 - TLibPosPrinterConfig.AjustarValor - Feito
19/05/26 15:30:11:932 - TLibPosPrinterConfig.AplicarConfiguracoes: C:\DEV\C#\ACBr\Fiserv\CliSiTef\src\ACBr.CliSiTef.Demo\bin\Debug\ACBrLib.ini
19/05/26 15:30:11:932 - Travar
19/05/26 15:30:11:940 - TLibPosPrinterConfig.AplicarConfiguracoes - Feito
19/05/26 15:30:11:940 - Destravar
19/05/26 15:30:11:941 -    SetRetorno(0, )
19/05/26 15:30:11:941 - TACBrLibPosPrinter.PrecisaCriptografar(PosPrinter,ArqLog)
19/05/26 15:30:11:941 - TACBrLibPosPrinter.PrecisaCriptografar - Feito Result: False
19/05/26 15:30:11:942 - LIB_ConfigGravarValor(PosPrinter, ArqLog, C:\DEV\C#\ACBr\Fiserv\CliSiTef\src\ACBr.CliSiTef.Demo\bin\Debug\Logs\PosPrinter.log)
19/05/26 15:30:11:942 - TACBrLibPosPrinter.PrecisaCriptografar(PosPrinter,ArqLog)
19/05/26 15:30:11:943 - TACBrLibPosPrinter.PrecisaCriptografar - Feito Result: False
19/05/26 15:30:11:944 - TLibPosPrinterConfig.AjustarValor(tfGravar,PosPrinter,ArqLog,C:\DEV\C#\ACBr\Fiserv\CliSiTef\src\ACBr.CliSiTef.Demo\bin\Debug\Logs\PosPrinter.log)
19/05/26 15:30:11:944 - TLibPosPrinterConfig.AjustarValor - Feito
19/05/26 15:30:11:945 - TLibPosPrinterConfig.AplicarConfiguracoes: C:\DEV\C#\ACBr\Fiserv\CliSiTef\src\ACBr.CliSiTef.Demo\bin\Debug\ACBrLib.ini
19/05/26 15:30:11:945 - Travar
19/05/26 15:30:11:946 - TLibPosPrinterConfig.AplicarConfiguracoes - Feito
19/05/26 15:30:11:946 - Destravar
19/05/26 15:30:11:947 -    SetRetorno(0, )
19/05/26 15:30:11:947 - TACBrLibPosPrinter.PrecisaCriptografar(PosPrinter,PaginaDeCodigo)
19/05/26 15:30:11:947 - TACBrLibPosPrinter.PrecisaCriptografar - Feito Result: False
19/05/26 15:30:11:948 - LIB_ConfigGravarValor(PosPrinter, PaginaDeCodigo, 2)
19/05/26 15:30:11:949 - TACBrLibPosPrinter.PrecisaCriptografar(PosPrinter,PaginaDeCodigo)
19/05/26 15:30:11:949 - TACBrLibPosPrinter.PrecisaCriptografar - Feito Result: False
19/05/26 15:30:11:950 - TLibPosPrinterConfig.AjustarValor(tfGravar,PosPrinter,PaginaDeCodigo,2)
19/05/26 15:30:11:950 - TLibPosPrinterConfig.AjustarValor - Feito
19/05/26 15:30:11:950 - TLibPosPrinterConfig.AplicarConfiguracoes: C:\DEV\C#\ACBr\Fiserv\CliSiTef\src\ACBr.CliSiTef.Demo\bin\Debug\ACBrLib.ini
19/05/26 15:30:11:951 - Travar
19/05/26 15:30:11:951 - TLibPosPrinterConfig.AplicarConfiguracoes - Feito
19/05/26 15:30:11:951 - Destravar
19/05/26 15:30:11:953 -    SetRetorno(0, )
19/05/26 15:30:11:953 - LIB_ConfigLerValor(PosPrinter, ArqLog)
19/05/26 15:30:11:954 - TACBrLibPosPrinter.PrecisaCriptografar(PosPrinter,ArqLog)
19/05/26 15:30:11:954 - TACBrLibPosPrinter.PrecisaCriptografar - Feito Result: False
19/05/26 15:30:11:955 - TLibPosPrinterConfig.AjustarValor(tfLer,PosPrinter,ArqLog,C:\DEV\C#\ACBr\Fiserv\CliSiTef\src\ACBr.CliSiTef.Demo\bin\Debug\Logs\PosPrinter.log)
19/05/26 15:30:11:955 - TLibPosPrinterConfig.AjustarValor - Feito
19/05/26 15:30:11:956 -    MoverStringParaPChar. StrLen:83, BufLen:256
19/05/26 15:30:11:956 - TACBrLibPosPrinter.PrecisaCriptografar(PosPrinter,ArqLog)
19/05/26 15:30:11:957 - TACBrLibPosPrinter.PrecisaCriptografar - Feito Result: False
19/05/26 15:30:11:957 -    Valor:C:\DEV\C#\ACBr\Fiserv\CliSiTef\src\ACBr.CliSiTef.Demo\bin\Debug\Logs\PosPrinter.log, len:83
19/05/26 15:30:11:958 -    SetRetorno(0, C:\DEV\C#\ACBr\Fiserv\CliSiTef\src\ACBr.CliSiTef.Demo\bin\Debug\Logs\PosPrinter.log)
19/05/26 15:30:11:958 - TACBrLibPosPrinter.PrecisaCriptografar(PosPrinter,ArqLog)
19/05/26 15:30:11:958 - TACBrLibPosPrinter.PrecisaCriptografar - Feito Result: False
19/05/26 15:30:11:958 - LIB_ConfigGravarValor(PosPrinter, ArqLog, C:\DEV\C#\ACBr\Fiserv\CliSiTef\src\ACBr.CliSiTef.Demo\bin\Debug\Logs\PosPrinter.log)
19/05/26 15:30:11:958 - TACBrLibPosPrinter.PrecisaCriptografar(PosPrinter,ArqLog)
19/05/26 15:30:11:958 - TACBrLibPosPrinter.PrecisaCriptografar - Feito Result: False
19/05/26 15:30:11:958 - TLibPosPrinterConfig.AjustarValor(tfGravar,PosPrinter,ArqLog,C:\DEV\C#\ACBr\Fiserv\CliSiTef\src\ACBr.CliSiTef.Demo\bin\Debug\Logs\PosPrinter.log)
19/05/26 15:30:11:961 - TLibPosPrinterConfig.AjustarValor - Feito
19/05/26 15:30:11:961 - TLibPosPrinterConfig.AplicarConfiguracoes: C:\DEV\C#\ACBr\Fiserv\CliSiTef\src\ACBr.CliSiTef.Demo\bin\Debug\ACBrLib.ini
19/05/26 15:30:11:961 - Travar
19/05/26 15:30:11:961 - TLibPosPrinterConfig.AplicarConfiguracoes - Feito
19/05/26 15:30:11:961 - Destravar
19/05/26 15:30:11:964 -    SetRetorno(0, )
19/05/26 15:30:11:964 - LIB_ConfigLerValor(PosPrinter, ArqLog)
19/05/26 15:30:11:964 - TACBrLibPosPrinter.PrecisaCriptografar(PosPrinter,ArqLog)
19/05/26 15:30:11:964 - TACBrLibPosPrinter.PrecisaCriptografar - Feito Result: False
19/05/26 15:30:11:964 - TLibPosPrinterConfig.AjustarValor(tfLer,PosPrinter,ArqLog,C:\DEV\C#\ACBr\Fiserv\CliSiTef\src\ACBr.CliSiTef.Demo\bin\Debug\Logs\PosPrinter.log)
19/05/26 15:30:11:964 - TLibPosPrinterConfig.AjustarValor - Feito
19/05/26 15:30:11:966 -    MoverStringParaPChar. StrLen:83, BufLen:256
19/05/26 15:30:11:966 - TACBrLibPosPrinter.PrecisaCriptografar(PosPrinter,ArqLog)
19/05/26 15:30:11:966 - TACBrLibPosPrinter.PrecisaCriptografar - Feito Result: False
19/05/26 15:30:11:966 -    Valor:C:\DEV\C#\ACBr\Fiserv\CliSiTef\src\ACBr.CliSiTef.Demo\bin\Debug\Logs\PosPrinter.log, len:83
19/05/26 15:30:11:968 -    SetRetorno(0, C:\DEV\C#\ACBr\Fiserv\CliSiTef\src\ACBr.CliSiTef.Demo\bin\Debug\Logs\PosPrinter.log)
19/05/26 15:30:11:968 - LIB_ConfigGravar()
19/05/26 15:30:11:968 - Travar
19/05/26 15:30:11:968 - TLibPosPrinterConfig.Gravar: C:\DEV\C#\ACBr\Fiserv\CliSiTef\src\ACBr.CliSiTef.Demo\bin\Debug\ACBrLib.ini
19/05/26 15:30:11:972 - TLibPosPrinterConfig.Gravar - Feito
19/05/26 15:30:11:972 - Destravar
19/05/26 15:30:11:972 -    SetRetorno(0, )
19/05/26 15:30:11:973 - LIB_ConfigLer()
19/05/26 15:30:11:973 - Travar
19/05/26 15:30:11:975 - TLibPosPrinterConfig.Ler: C:\DEV\C#\ACBr\Fiserv\CliSiTef\src\ACBr.CliSiTef.Demo\bin\Debug\ACBrLib.ini
19/05/26 15:30:11:976 - TLibPosPrinterConfig.AplicarConfiguracoes: C:\DEV\C#\ACBr\Fiserv\CliSiTef\src\ACBr.CliSiTef.Demo\bin\Debug\ACBrLib.ini
19/05/26 15:30:11:976 - Travar
19/05/26 15:30:11:977 - TLibPosPrinterConfig.AplicarConfiguracoes - Feito
19/05/26 15:30:11:977 - Destravar
19/05/26 15:30:11:978 - TLibPosPrinterConfig.Ler - Feito
19/05/26 15:30:11:979 - Destravar
19/05/26 15:30:11:979 -    SetRetorno(0, )
19/05/26 15:30:11:980 - POS_Ativar
19/05/26 15:30:11:980 - Travar
19/05/26 15:30:11:981 -    SetRetorno(0, )
19/05/26 15:30:11:981 - Destravar
19/05/26 15:30:11:982 - POS_Imprimir(</zera></ae>TESTE IMPRESSAO</lf>ACBr CliSiTef Demo</lf>19/05/2026 15:30:11</lf></corte_total></lf></corte_total>,False,True,True,1 )
19/05/26 15:30:11:982 - Travar
19/05/26 15:30:12:024 -    SetRetorno(0, )
19/05/26 15:30:12:024 - Destravar
19/05/26 15:30:13:871 - TACBrLibPosPrinter.PrecisaCriptografar(PosPrinter,Modelo)
19/05/26 15:30:13:872 - TACBrLibPosPrinter.PrecisaCriptografar - Feito Result: False
19/05/26 15:30:13:873 - LIB_ConfigGravarValor(PosPrinter, Modelo, 1)
19/05/26 15:30:13:874 - TACBrLibPosPrinter.PrecisaCriptografar(PosPrinter,Modelo)
19/05/26 15:30:13:874 - TACBrLibPosPrinter.PrecisaCriptografar - Feito Result: False
19/05/26 15:30:13:874 - TLibPosPrinterConfig.AjustarValor(tfGravar,PosPrinter,Modelo,1)
19/05/26 15:30:13:874 - TLibPosPrinterConfig.AjustarValor - Feito
19/05/26 15:30:13:874 - TLibPosPrinterConfig.AplicarConfiguracoes: C:\DEV\C#\ACBr\Fiserv\CliSiTef\src\ACBr.CliSiTef.Demo\bin\Debug\ACBrLib.ini
19/05/26 15:30:13:874 - Travar
19/05/26 15:30:13:874 - TLibPosPrinterConfig.AplicarConfiguracoes - Feito
19/05/26 15:30:13:874 - Destravar
19/05/26 15:30:13:874 -    SetRetorno(0, )
19/05/26 15:30:13:874 - TACBrLibPosPrinter.PrecisaCriptografar(PosPrinter,Porta)
19/05/26 15:30:13:874 - TACBrLibPosPrinter.PrecisaCriptografar - Feito Result: False
19/05/26 15:30:13:874 - LIB_ConfigGravarValor(PosPrinter, Porta, RAW:ELGIN i9(USB))
19/05/26 15:30:13:874 - TACBrLibPosPrinter.PrecisaCriptografar(PosPrinter,Porta)
19/05/26 15:30:13:881 - TACBrLibPosPrinter.PrecisaCriptografar - Feito Result: False
19/05/26 15:30:13:881 - TLibPosPrinterConfig.AjustarValor(tfGravar,PosPrinter,Porta,RAW:ELGIN i9(USB))
19/05/26 15:30:13:881 - TLibPosPrinterConfig.AjustarValor - Feito
19/05/26 15:30:13:881 - TLibPosPrinterConfig.AplicarConfiguracoes: C:\DEV\C#\ACBr\Fiserv\CliSiTef\src\ACBr.CliSiTef.Demo\bin\Debug\ACBrLib.ini
19/05/26 15:30:13:881 - Travar
19/05/26 15:30:13:881 - TLibPosPrinterConfig.AplicarConfiguracoes - Feito
19/05/26 15:30:13:881 - Destravar
19/05/26 15:30:13:881 -    SetRetorno(0, )
19/05/26 15:30:13:885 - TACBrLibPosPrinter.PrecisaCriptografar(PosPrinter,ColunasFonteNormal)
19/05/26 15:30:13:885 - TACBrLibPosPrinter.PrecisaCriptografar - Feito Result: False
19/05/26 15:30:13:885 - LIB_ConfigGravarValor(PosPrinter, ColunasFonteNormal, 48)
19/05/26 15:30:13:885 - TACBrLibPosPrinter.PrecisaCriptografar(PosPrinter,ColunasFonteNormal)
19/05/26 15:30:13:885 - TACBrLibPosPrinter.PrecisaCriptografar - Feito Result: False
19/05/26 15:30:13:887 - TLibPosPrinterConfig.AjustarValor(tfGravar,PosPrinter,ColunasFonteNormal,48)
19/05/26 15:30:13:887 - TLibPosPrinterConfig.AjustarValor - Feito
19/05/26 15:30:13:887 - TLibPosPrinterConfig.AplicarConfiguracoes: C:\DEV\C#\ACBr\Fiserv\CliSiTef\src\ACBr.CliSiTef.Demo\bin\Debug\ACBrLib.ini
19/05/26 15:30:13:887 - Travar
19/05/26 15:30:13:887 - TLibPosPrinterConfig.AplicarConfiguracoes - Feito
19/05/26 15:30:13:887 - Destravar
19/05/26 15:30:13:890 -    SetRetorno(0, )
19/05/26 15:30:13:891 - TACBrLibPosPrinter.PrecisaCriptografar(PosPrinter,EspacoEntreLinhas)
19/05/26 15:30:13:891 - TACBrLibPosPrinter.PrecisaCriptografar - Feito Result: False
19/05/26 15:30:13:891 - LIB_ConfigGravarValor(PosPrinter, EspacoEntreLinhas, 0)
19/05/26 15:30:13:891 - TACBrLibPosPrinter.PrecisaCriptografar(PosPrinter,EspacoEntreLinhas)
19/05/26 15:30:13:891 - TACBrLibPosPrinter.PrecisaCriptografar - Feito Result: False
19/05/26 15:30:13:891 - TLibPosPrinterConfig.AjustarValor(tfGravar,PosPrinter,EspacoEntreLinhas,0)
19/05/26 15:30:13:891 - TLibPosPrinterConfig.AjustarValor - Feito
19/05/26 15:30:13:891 - TLibPosPrinterConfig.AplicarConfiguracoes: C:\DEV\C#\ACBr\Fiserv\CliSiTef\src\ACBr.CliSiTef.Demo\bin\Debug\ACBrLib.ini
19/05/26 15:30:13:891 - Travar
19/05/26 15:30:13:891 - TLibPosPrinterConfig.AplicarConfiguracoes - Feito
19/05/26 15:30:13:891 - Destravar
19/05/26 15:30:13:891 -    SetRetorno(0, )
19/05/26 15:30:13:891 - TACBrLibPosPrinter.PrecisaCriptografar(PosPrinter,LinhasBuffer)
19/05/26 15:30:13:891 - TACBrLibPosPrinter.PrecisaCriptografar - Feito Result: False
19/05/26 15:30:13:891 - LIB_ConfigGravarValor(PosPrinter, LinhasBuffer, 0)
19/05/26 15:30:13:891 - TACBrLibPosPrinter.PrecisaCriptografar(PosPrinter,LinhasBuffer)
19/05/26 15:30:13:891 - TACBrLibPosPrinter.PrecisaCriptografar - Feito Result: False
19/05/26 15:30:13:900 - TLibPosPrinterConfig.AjustarValor(tfGravar,PosPrinter,LinhasBuffer,0)
19/05/26 15:30:13:900 - TLibPosPrinterConfig.AjustarValor - Feito
19/05/26 15:30:13:900 - TLibPosPrinterConfig.AplicarConfiguracoes: C:\DEV\C#\ACBr\Fiserv\CliSiTef\src\ACBr.CliSiTef.Demo\bin\Debug\ACBrLib.ini
19/05/26 15:30:13:901 - Travar
19/05/26 15:30:13:901 - TLibPosPrinterConfig.AplicarConfiguracoes - Feito
19/05/26 15:30:13:901 - Destravar
19/05/26 15:30:13:901 -    SetRetorno(0, )
19/05/26 15:30:13:901 - TACBrLibPosPrinter.PrecisaCriptografar(PosPrinter,LinhasEntreCupons)
19/05/26 15:30:13:901 - TACBrLibPosPrinter.PrecisaCriptografar - Feito Result: False
19/05/26 15:30:13:901 - LIB_ConfigGravarValor(PosPrinter, LinhasEntreCupons, 3)
19/05/26 15:30:13:901 - TACBrLibPosPrinter.PrecisaCriptografar(PosPrinter,LinhasEntreCupons)
19/05/26 15:30:13:901 - TACBrLibPosPrinter.PrecisaCriptografar - Feito Result: False
19/05/26 15:30:13:906 - TLibPosPrinterConfig.AjustarValor(tfGravar,PosPrinter,LinhasEntreCupons,3)
19/05/26 15:30:13:906 - TLibPosPrinterConfig.AjustarValor - Feito
19/05/26 15:30:13:907 - TLibPosPrinterConfig.AplicarConfiguracoes: C:\DEV\C#\ACBr\Fiserv\CliSiTef\src\ACBr.CliSiTef.Demo\bin\Debug\ACBrLib.ini
19/05/26 15:30:13:907 - Travar
19/05/26 15:30:13:908 - TLibPosPrinterConfig.AplicarConfiguracoes - Feito
19/05/26 15:30:13:908 - Destravar
19/05/26 15:30:13:909 -    SetRetorno(0, )
19/05/26 15:30:13:910 - TACBrLibPosPrinter.PrecisaCriptografar(PosPrinter,ControlePorta)
19/05/26 15:30:13:910 - TACBrLibPosPrinter.PrecisaCriptografar - Feito Result: False
19/05/26 15:30:13:910 - LIB_ConfigGravarValor(PosPrinter, ControlePorta, 0)
19/05/26 15:30:13:910 - TACBrLibPosPrinter.PrecisaCriptografar(PosPrinter,ControlePorta)
19/05/26 15:30:13:911 - TACBrLibPosPrinter.PrecisaCriptografar - Feito Result: False
19/05/26 15:30:13:911 - TLibPosPrinterConfig.AjustarValor(tfGravar,PosPrinter,ControlePorta,0)
19/05/26 15:30:13:912 - TLibPosPrinterConfig.AjustarValor - Feito
19/05/26 15:30:13:912 - TLibPosPrinterConfig.AplicarConfiguracoes: C:\DEV\C#\ACBr\Fiserv\CliSiTef\src\ACBr.CliSiTef.Demo\bin\Debug\ACBrLib.ini
19/05/26 15:30:13:913 - Travar
19/05/26 15:30:13:913 - TLibPosPrinterConfig.AplicarConfiguracoes - Feito
19/05/26 15:30:13:914 - Destravar
19/05/26 15:30:13:914 -    SetRetorno(0, )
19/05/26 15:30:13:914 - TACBrLibPosPrinter.PrecisaCriptografar(PosPrinter,CortaPapel)
19/05/26 15:30:13:915 - TACBrLibPosPrinter.PrecisaCriptografar - Feito Result: False
19/05/26 15:30:13:915 - LIB_ConfigGravarValor(PosPrinter, CortaPapel, 1)
19/05/26 15:30:13:916 - TACBrLibPosPrinter.PrecisaCriptografar(PosPrinter,CortaPapel)
19/05/26 15:30:13:916 - TACBrLibPosPrinter.PrecisaCriptografar - Feito Result: False
19/05/26 15:30:13:917 - TLibPosPrinterConfig.AjustarValor(tfGravar,PosPrinter,CortaPapel,1)
19/05/26 15:30:13:917 - TLibPosPrinterConfig.AjustarValor - Feito
19/05/26 15:30:13:918 - TLibPosPrinterConfig.AplicarConfiguracoes: C:\DEV\C#\ACBr\Fiserv\CliSiTef\src\ACBr.CliSiTef.Demo\bin\Debug\ACBrLib.ini
19/05/26 15:30:13:918 - Travar
19/05/26 15:30:13:919 - TLibPosPrinterConfig.AplicarConfiguracoes - Feito
19/05/26 15:30:13:919 - Destravar
19/05/26 15:30:13:920 -    SetRetorno(0, )
19/05/26 15:30:13:920 - TACBrLibPosPrinter.PrecisaCriptografar(PosPrinter,TraduzirTags)
19/05/26 15:30:13:921 - TACBrLibPosPrinter.PrecisaCriptografar - Feito Result: False
19/05/26 15:30:13:922 - LIB_ConfigGravarValor(PosPrinter, TraduzirTags, 1)
19/05/26 15:30:13:923 - TACBrLibPosPrinter.PrecisaCriptografar(PosPrinter,TraduzirTags)
19/05/26 15:30:13:923 - TACBrLibPosPrinter.PrecisaCriptografar - Feito Result: False
19/05/26 15:30:13:924 - TLibPosPrinterConfig.AjustarValor(tfGravar,PosPrinter,TraduzirTags,1)
19/05/26 15:30:13:924 - TLibPosPrinterConfig.AjustarValor - Feito
19/05/26 15:30:13:925 - TLibPosPrinterConfig.AplicarConfiguracoes: C:\DEV\C#\ACBr\Fiserv\CliSiTef\src\ACBr.CliSiTef.Demo\bin\Debug\ACBrLib.ini
19/05/26 15:30:13:925 - Travar
19/05/26 15:30:13:926 - TLibPosPrinterConfig.AplicarConfiguracoes - Feito
19/05/26 15:30:13:926 - Destravar
19/05/26 15:30:13:926 -    SetRetorno(0, )
19/05/26 15:30:13:927 - TACBrLibPosPrinter.PrecisaCriptografar(PosPrinter,IgnorarTags)
19/05/26 15:30:13:927 - TACBrLibPosPrinter.PrecisaCriptografar - Feito Result: False
19/05/26 15:30:13:928 - LIB_ConfigGravarValor(PosPrinter, IgnorarTags, 0)
19/05/26 15:30:13:928 - TACBrLibPosPrinter.PrecisaCriptografar(PosPrinter,IgnorarTags)
19/05/26 15:30:13:929 - TACBrLibPosPrinter.PrecisaCriptografar - Feito Result: False
19/05/26 15:30:13:929 - TLibPosPrinterConfig.AjustarValor(tfGravar,PosPrinter,IgnorarTags,0)
19/05/26 15:30:13:930 - TLibPosPrinterConfig.AjustarValor - Feito
19/05/26 15:30:13:930 - TLibPosPrinterConfig.AplicarConfiguracoes: C:\DEV\C#\ACBr\Fiserv\CliSiTef\src\ACBr.CliSiTef.Demo\bin\Debug\ACBrLib.ini
19/05/26 15:30:13:930 - Travar
19/05/26 15:30:13:932 - TLibPosPrinterConfig.AplicarConfiguracoes - Feito
19/05/26 15:30:13:932 - Destravar
19/05/26 15:30:13:932 -    SetRetorno(0, )
19/05/26 15:30:13:933 - TACBrLibPosPrinter.PrecisaCriptografar(PosPrinter,ArqLog)
19/05/26 15:30:13:933 - TACBrLibPosPrinter.PrecisaCriptografar - Feito Result: False
19/05/26 15:30:13:934 - LIB_ConfigGravarValor(PosPrinter, ArqLog, C:\DEV\C#\ACBr\Fiserv\CliSiTef\src\ACBr.CliSiTef.Demo\bin\Debug\Logs\PosPrinter.log)
19/05/26 15:30:13:934 - TACBrLibPosPrinter.PrecisaCriptografar(PosPrinter,ArqLog)
19/05/26 15:30:13:935 - TACBrLibPosPrinter.PrecisaCriptografar - Feito Result: False
19/05/26 15:30:13:935 - TLibPosPrinterConfig.AjustarValor(tfGravar,PosPrinter,ArqLog,C:\DEV\C#\ACBr\Fiserv\CliSiTef\src\ACBr.CliSiTef.Demo\bin\Debug\Logs\PosPrinter.log)
19/05/26 15:30:13:935 - TLibPosPrinterConfig.AjustarValor - Feito
19/05/26 15:30:13:936 - TLibPosPrinterConfig.AplicarConfiguracoes: C:\DEV\C#\ACBr\Fiserv\CliSiTef\src\ACBr.CliSiTef.Demo\bin\Debug\ACBrLib.ini
19/05/26 15:30:13:936 - Travar
19/05/26 15:30:13:937 - TLibPosPrinterConfig.AplicarConfiguracoes - Feito
19/05/26 15:30:13:938 - Destravar
19/05/26 15:30:13:938 -    SetRetorno(0, )
19/05/26 15:30:13:938 - TACBrLibPosPrinter.PrecisaCriptografar(PosPrinter,PaginaDeCodigo)
19/05/26 15:30:13:939 - TACBrLibPosPrinter.PrecisaCriptografar - Feito Result: False
19/05/26 15:30:13:939 - LIB_ConfigGravarValor(PosPrinter, PaginaDeCodigo, 2)
19/05/26 15:30:13:940 - TACBrLibPosPrinter.PrecisaCriptografar(PosPrinter,PaginaDeCodigo)
19/05/26 15:30:13:940 - TACBrLibPosPrinter.PrecisaCriptografar - Feito Result: False
19/05/26 15:30:13:940 - TLibPosPrinterConfig.AjustarValor(tfGravar,PosPrinter,PaginaDeCodigo,2)
19/05/26 15:30:13:941 - TLibPosPrinterConfig.AjustarValor - Feito
19/05/26 15:30:13:941 - TLibPosPrinterConfig.AplicarConfiguracoes: C:\DEV\C#\ACBr\Fiserv\CliSiTef\src\ACBr.CliSiTef.Demo\bin\Debug\ACBrLib.ini
19/05/26 15:30:13:941 - Travar
19/05/26 15:30:13:941 - TLibPosPrinterConfig.AplicarConfiguracoes - Feito
19/05/26 15:30:13:941 - Destravar
19/05/26 15:30:13:941 -    SetRetorno(0, )
19/05/26 15:30:13:941 - LIB_ConfigLerValor(PosPrinter, ArqLog)
19/05/26 15:30:13:941 - TACBrLibPosPrinter.PrecisaCriptografar(PosPrinter,ArqLog)
19/05/26 15:30:13:941 - TACBrLibPosPrinter.PrecisaCriptografar - Feito Result: False
19/05/26 15:30:13:946 - TLibPosPrinterConfig.AjustarValor(tfLer,PosPrinter,ArqLog,C:\DEV\C#\ACBr\Fiserv\CliSiTef\src\ACBr.CliSiTef.Demo\bin\Debug\Logs\PosPrinter.log)
19/05/26 15:30:13:946 - TLibPosPrinterConfig.AjustarValor - Feito
19/05/26 15:30:13:946 -    MoverStringParaPChar. StrLen:83, BufLen:256
19/05/26 15:30:13:946 - TACBrLibPosPrinter.PrecisaCriptografar(PosPrinter,ArqLog)
19/05/26 15:30:13:946 - TACBrLibPosPrinter.PrecisaCriptografar - Feito Result: False
19/05/26 15:30:13:946 -    Valor:C:\DEV\C#\ACBr\Fiserv\CliSiTef\src\ACBr.CliSiTef.Demo\bin\Debug\Logs\PosPrinter.log, len:83
19/05/26 15:30:13:946 -    SetRetorno(0, C:\DEV\C#\ACBr\Fiserv\CliSiTef\src\ACBr.CliSiTef.Demo\bin\Debug\Logs\PosPrinter.log)
19/05/26 15:30:13:946 - TACBrLibPosPrinter.PrecisaCriptografar(PosPrinter,ArqLog)
19/05/26 15:30:13:946 - TACBrLibPosPrinter.PrecisaCriptografar - Feito Result: False
19/05/26 15:30:13:946 - LIB_ConfigGravarValor(PosPrinter, ArqLog, C:\DEV\C#\ACBr\Fiserv\CliSiTef\src\ACBr.CliSiTef.Demo\bin\Debug\Logs\PosPrinter.log)
19/05/26 15:30:13:946 - TACBrLibPosPrinter.PrecisaCriptografar(PosPrinter,ArqLog)
19/05/26 15:30:13:951 - TACBrLibPosPrinter.PrecisaCriptografar - Feito Result: False
19/05/26 15:30:13:951 - TLibPosPrinterConfig.AjustarValor(tfGravar,PosPrinter,ArqLog,C:\DEV\C#\ACBr\Fiserv\CliSiTef\src\ACBr.CliSiTef.Demo\bin\Debug\Logs\PosPrinter.log)
19/05/26 15:30:13:951 - TLibPosPrinterConfig.AjustarValor - Feito
19/05/26 15:30:13:951 - TLibPosPrinterConfig.AplicarConfiguracoes: C:\DEV\C#\ACBr\Fiserv\CliSiTef\src\ACBr.CliSiTef.Demo\bin\Debug\ACBrLib.ini
19/05/26 15:30:13:951 - Travar
19/05/26 15:30:13:951 - TLibPosPrinterConfig.AplicarConfiguracoes - Feito
19/05/26 15:30:13:951 - Destravar
19/05/26 15:30:13:955 -    SetRetorno(0, )
19/05/26 15:30:13:955 - LIB_ConfigLerValor(PosPrinter, ArqLog)
19/05/26 15:30:13:955 - TACBrLibPosPrinter.PrecisaCriptografar(PosPrinter,ArqLog)
19/05/26 15:30:13:957 - TACBrLibPosPrinter.PrecisaCriptografar - Feito Result: False
19/05/26 15:30:13:958 - TLibPosPrinterConfig.AjustarValor(tfLer,PosPrinter,ArqLog,C:\DEV\C#\ACBr\Fiserv\CliSiTef\src\ACBr.CliSiTef.Demo\bin\Debug\Logs\PosPrinter.log)
19/05/26 15:30:13:958 - TLibPosPrinterConfig.AjustarValor - Feito
19/05/26 15:30:13:958 -    MoverStringParaPChar. StrLen:83, BufLen:256
19/05/26 15:30:13:959 - TACBrLibPosPrinter.PrecisaCriptografar(PosPrinter,ArqLog)
19/05/26 15:30:13:959 - TACBrLibPosPrinter.PrecisaCriptografar - Feito Result: False
19/05/26 15:30:13:960 -    Valor:C:\DEV\C#\ACBr\Fiserv\CliSiTef\src\ACBr.CliSiTef.Demo\bin\Debug\Logs\PosPrinter.log, len:83
19/05/26 15:30:13:960 -    SetRetorno(0, C:\DEV\C#\ACBr\Fiserv\CliSiTef\src\ACBr.CliSiTef.Demo\bin\Debug\Logs\PosPrinter.log)
19/05/26 15:30:13:961 - LIB_ConfigGravar()
19/05/26 15:30:13:961 - Travar
19/05/26 15:30:13:961 - TLibPosPrinterConfig.Gravar: C:\DEV\C#\ACBr\Fiserv\CliSiTef\src\ACBr.CliSiTef.Demo\bin\Debug\ACBrLib.ini
19/05/26 15:30:13:961 - TLibPosPrinterConfig.Gravar - Feito
19/05/26 15:30:13:961 - Destravar
19/05/26 15:30:13:961 -    SetRetorno(0, )
19/05/26 15:30:17:794 - TACBrLib.Destroy
19/05/26 15:30:17:801 - Finalizar
