
--------------------------------------------------------------------------------
ATIVAR - 15/05/26 11:16:36:108
  - Modelo.: EscPosEpson
  - TimeOut: 3000 milissegundos
  - Porta..: RAW:ELGIN i9(USB)
  - Tipo...: RawPrinter
--------------------------------------------------------------------------------

-- 15/05 11:16:36:838 - Imprimir, Copias:1, DecodificarTags:SIM, TraduzirTags:SIM
-- 15/05 11:16:36:838 - </zera></ae>TESTE IMPRESSAO</lf>ACBr CliSiTef Demo</lf>15/05/2026 11:16:36</lf></corte_total></lf></corte_total>
-- 15/05 11:16:36:838 - TraduzirTag(</zera>) -> [ESC]@[ESC]2[ESC]t[STX]
-- 15/05 11:16:36:838 - TraduzirTag(</ae>) -> [ESC]a[NUL]
-- 15/05 11:16:36:838 - TraduzirTag(</lf>) ->  [LF]
-- 15/05 11:16:36:838 - TraduzirTag(</lf>) ->  [LF]
-- 15/05 11:16:36:838 - TraduzirTag(</lf>) ->  [LF]
-- 15/05 11:16:36:838 - TraduzirTag(</corte_total>) ->  [LF] [LF] [LF] [LF] [LF] [LF] [LF] [LF] [LF] [LF] [LF] [LF] [LF] [LF] [LF] [LF] [LF] [LF] [LF] [LF] [LF][GS]V[NUL]
-- 15/05 11:16:36:838 - TraduzirTag(</lf>) ->  [LF]
-- 15/05 11:16:36:838 - TraduzirTag(</corte_total>) ->  [LF] [LF] [LF] [LF] [LF] [LF] [LF] [LF] [LF] [LF] [LF] [LF] [LF] [LF] [LF] [LF] [LF] [LF] [LF] [LF] [LF][GS]V[NUL]
-- 15/05 11:16:36:838 - EnviarStringDevice([ESC]@[ESC]2[ESC]t[STX][ESC]a[NUL]TESTE IMPRESSAO [LF]ACBr CliSiTef Demo [LF]15/05/2026 11:16:36 [LF] [LF] [LF] [LF] [LF] [LF] [LF] [LF] [LF] [LF] [LF] [LF] [LF] [LF] [LF] [LF] [LF] [LF] [LF] [LF] [LF] [LF][GS]V[NUL] [LF] [LF] [LF] [LF] [LF] [LF] [LF] [LF] [LF] [LF] [LF] [LF] [LF] [LF] [LF] [LF] [LF] [LF] [LF] [LF] [LF] [LF][GS]V[NUL])
-- 15/05 11:17:17:278 - Imprimir, Copias:1, DecodificarTags:SIM, TraduzirTags:SIM
-- 15/05 11:17:17:278 - </zera></ae>=== VIA CLIENTE ===</lf>----------------------------------------------</lf>     ACBr CliSiTef - Demo (estudo)</lf>----------------------------------------------</lf>15/05/2026 11:17   Cupom: 665454</lf>----------------------------------------------</lf>.....S.O.F.T.W.A.R.E.E.X.P.R.E.S.S....</lf>SI                              Rede 5</lf>MU               Codigo transacao: 200</lf>LA               Codigo operacao: 2000</lf>DO                         Valor: 2,00</lf>.....S...I...M...U...L...A...D...O....</lf>SI                   NSU SiTef: 150028</lf>MU                      15/05/26 11:17</lf>LA                    ID PDV: IP000001</lf>DO             Estab.: 000000000000005</lf>.....S...I...M...U...L...A...D...O....</lf>SI                     Host: 999150028</lf>MU         Transacao Simulada Aprovada</lf>LA        TAG AID 0x84: A0000000043060</lf>DO      TAG AID 0x9F06: A0000000043060</lf>.....S...I...M...U...L...A...D...O....</lf>SI                 SALDO DISP.    0,02</lf>          SiTef from Fiserv</lf>----------------------------------------------</lf>Caixa: 000001</lf>----------------------------------------------</lf></lf>=== VIA ESTABELECIMENTO ===</lf>----------------------------------------------</lf>     ACBr CliSiTef - Demo (estudo)</lf>----------------------------------------------</lf>15/05/2026 11:17   Cupom: 665454</lf>----------------------------------------------</lf>.....S.O.F.T.W.A.R.E.E.X.P.R.E.S.S....</lf>SI                              Rede 5</lf>MU               Codigo transacao: 200</lf>LA               Codigo operacao: 2000</lf>DO                         Valor: 2,00</lf>.....S...I...M...U...L...A...D...O....</lf>SI                   NSU SiTef: 150028</lf>MU                      15/05/26 11:17</lf>LA                    ID PDV: IP000001</lf>DO             Estab.: 000000000000005</lf>.....S...I...M...U...L...A...D...O....</lf>SI                     Host: 999150028</lf>MU         Transacao Simulada Aprovada</lf>LA        TAG AID 0x84: A0000000043060</lf>DO      TAG AID 0x9F06: A0000000043060</lf>.....S...I...M...U...L...A...D...O....</lf>          SiTef from Fiserv</lf>----------------------------------------------</lf>Caixa: 000001</lf>----------------------------------------------</lf></lf></lf></corte_total>
-- 15/05 11:17:17:278 - TraduzirTag(</zera>) -> [ESC]@[ESC]2[ESC]t[STX]
-- 15/05 11:17:17:280 - TraduzirTag(</ae>) -> [ESC]a[NUL]
-- 15/05 11:17:17:280 - TraduzirTag(</lf>) ->  [LF]
-- 15/05 11:17:17:280 - TraduzirTag(</lf>) ->  [LF]
-- 15/05 11:17:17:280 - TraduzirTag(</lf>) ->  [LF]
-- 15/05 11:17:17:280 - TraduzirTag(</lf>) ->  [LF]
-- 15/05 11:17:17:280 - TraduzirTag(</lf>) ->  [LF]
-- 15/05 11:17:17:280 - TraduzirTag(</lf>) ->  [LF]
-- 15/05 11:17:17:280 - TraduzirTag(</lf>) ->  [LF]
-- 15/05 11:17:17:280 - TraduzirTag(</lf>) ->  [LF]
-- 15/05 11:17:17:280 - TraduzirTag(</lf>) ->  [LF]
-- 15/05 11:17:17:280 - TraduzirTag(</lf>) ->  [LF]
-- 15/05 11:17:17:280 - TraduzirTag(</lf>) ->  [LF]
-- 15/05 11:17:17:280 - TraduzirTag(</lf>) ->  [LF]
-- 15/05 11:17:17:280 - TraduzirTag(</lf>) ->  [LF]
-- 15/05 11:17:17:280 - TraduzirTag(</lf>) ->  [LF]
-- 15/05 11:17:17:285 - TraduzirTag(</lf>) ->  [LF]
-- 15/05 11:17:17:285 - TraduzirTag(</lf>) ->  [LF]
-- 15/05 11:17:17:285 - TraduzirTag(</lf>) ->  [LF]
-- 15/05 11:17:17:285 - TraduzirTag(</lf>) ->  [LF]
-- 15/05 11:17:17:285 - TraduzirTag(</lf>) ->  [LF]
-- 15/05 11:17:17:285 - TraduzirTag(</lf>) ->  [LF]
-- 15/05 11:17:17:285 - TraduzirTag(</lf>) ->  [LF]
-- 15/05 11:17:17:285 - TraduzirTag(</lf>) ->  [LF]
-- 15/05 11:17:17:285 - TraduzirTag(</lf>) ->  [LF]
-- 15/05 11:17:17:285 - TraduzirTag(</lf>) ->  [LF]
-- 15/05 11:17:17:285 - TraduzirTag(</lf>) ->  [LF]
-- 15/05 11:17:17:285 - TraduzirTag(</lf>) ->  [LF]
-- 15/05 11:17:17:285 - TraduzirTag(</lf>) ->  [LF]
-- 15/05 11:17:17:285 - TraduzirTag(</lf>) ->  [LF]
-- 15/05 11:17:17:285 - TraduzirTag(</lf>) ->  [LF]
-- 15/05 11:17:17:285 - TraduzirTag(</lf>) ->  [LF]
-- 15/05 11:17:17:285 - TraduzirTag(</lf>) ->  [LF]
-- 15/05 11:17:17:285 - TraduzirTag(</lf>) ->  [LF]
-- 15/05 11:17:17:285 - TraduzirTag(</lf>) ->  [LF]
-- 15/05 11:17:17:285 - TraduzirTag(</lf>) ->  [LF]
-- 15/05 11:17:17:285 - TraduzirTag(</lf>) ->  [LF]
-- 15/05 11:17:17:285 - TraduzirTag(</lf>) ->  [LF]
-- 15/05 11:17:17:285 - TraduzirTag(</lf>) ->  [LF]
-- 15/05 11:17:17:285 - TraduzirTag(</lf>) ->  [LF]
-- 15/05 11:17:17:285 - TraduzirTag(</lf>) ->  [LF]
-- 15/05 11:17:17:285 - TraduzirTag(</lf>) ->  [LF]
-- 15/05 11:17:17:285 - TraduzirTag(</lf>) ->  [LF]
-- 15/05 11:17:17:285 - TraduzirTag(</lf>) ->  [LF]
-- 15/05 11:17:17:285 - TraduzirTag(</lf>) ->  [LF]
-- 15/05 11:17:17:285 - TraduzirTag(</lf>) ->  [LF]
-- 15/05 11:17:17:285 - TraduzirTag(</lf>) ->  [LF]
-- 15/05 11:17:17:285 - TraduzirTag(</lf>) ->  [LF]
-- 15/05 11:17:17:285 - TraduzirTag(</lf>) ->  [LF]
-- 15/05 11:17:17:285 - TraduzirTag(</lf>) ->  [LF]
-- 15/05 11:17:17:285 - TraduzirTag(</lf>) ->  [LF]
-- 15/05 11:17:17:285 - TraduzirTag(</lf>) ->  [LF]
-- 15/05 11:17:17:285 - TraduzirTag(</lf>) ->  [LF]
-- 15/05 11:17:17:285 - TraduzirTag(</lf>) ->  [LF]
-- 15/05 11:17:17:285 - TraduzirTag(</lf>) ->  [LF]
-- 15/05 11:17:17:285 - TraduzirTag(</lf>) ->  [LF]
-- 15/05 11:17:17:302 - TraduzirTag(</lf>) ->  [LF]
-- 15/05 11:17:17:302 - TraduzirTag(</lf>) ->  [LF]
-- 15/05 11:17:17:302 - TraduzirTag(</corte_total>) ->  [LF] [LF] [LF] [LF] [LF] [LF] [LF] [LF] [LF] [LF] [LF] [LF] [LF] [LF] [LF] [LF] [LF] [LF] [LF] [LF] [LF][GS]V[NUL]
-- 15/05 11:17:17:302 - EnviarStringDevice([ESC]@[ESC]2[ESC]t[STX][ESC]a[NUL]=== VIA CLIENTE === [LF]---------------------------------------------- [LF]     ACBr CliSiTef - Demo (estudo) [LF]---------------------------------------------- [LF]15/05/2026 11:17   Cupom: 665454 [LF]---------------------------------------------- [LF].....S.O.F.T.W.A.R.E.E.X.P.R.E.S.S.... [LF]SI                              Rede 5 [LF]MU               Codigo transacao: 200 [LF]LA               Codigo operacao: 2000 [LF]DO                         Valor: 2,00 [LF].....S...I...M...U...L...A...D...O.... [LF]SI                   NSU SiTef: 150028 [LF]MU                      15/05/26 11:17 [LF]LA                    ID PDV: IP000001 [LF]DO             Estab.: 000000000000005 [LF].....S...I...M...U...L...A...D...O.... [LF]SI                     Host: 999150028 [LF]MU         Transacao Simulada Aprovada [LF]LA        TAG AID 0x84: A0000000043060 [LF]DO      TAG AID 0x9F06: A0000000043060 [LF].....S...I...M...U...L...A...D...O.... [LF]SI                 SALDO DISP.    0,02 [LF]          SiTef from Fiserv [LF]---------------------------------------------- [LF]Caixa: 000001 [LF]---------------------------------------------- [LF] [LF]=== VIA ESTABELECIMENTO === [LF]---------------------------------------------- [LF]     ACBr CliSiTef - Demo (estudo) [LF]---------------------------------------------- [LF]15/05/2026 11:17   Cupom: 665454 [LF]---------------------------------------------- [LF].....S.O.F.T.W.A.R.E.E.X.P.R.E.S.S.... [LF]SI                              Rede 5 [LF]MU               Codigo transacao: 200 [LF]LA               Codigo operacao: 2000 [LF]DO                         Valor: 2,00 [LF].....S...I...M...U...L...A...D...O.... [LF]SI                   NSU SiTef: 150028 [LF]MU                      15/05/26 11:17 [LF]LA                    ID PDV: IP000001 [LF]DO             Estab.: 000000000000005 [LF].....S...I...M...U...L...A...D...O.... [LF]SI                     Host: 999150028 [LF]MU         Transacao Simulada Aprovada [LF]LA        TAG AID 0x84: A0000000043060 [LF]DO      TAG AID 0x9F06: A0000000043060 [LF].....S...I...M...U...L...A...D...O.... [LF]          SiTef from Fiserv [LF]---------------------------------------------- [LF]Caixa: 000001 [LF]---------------------------------------------- [LF] [LF] [LF] [LF] [LF] [LF] [LF] [LF] [LF] [LF] [LF] [LF] [LF] [LF] [LF] [LF] [LF] [LF] [LF] [LF] [LF] [LF] [LF] [LF][GS]V[NUL])
-- 15/05 11:17:35:096 - Imprimir, Copias:1, DecodificarTags:SIM, TraduzirTags:SIM
-- 15/05 11:17:35:096 - </zera></ae>=== VIA CLIENTE ===</lf>----------------------------------------------</lf>     ACBr CliSiTef - Demo (estudo)</lf>----------------------------------------------</lf>15/05/2026 11:17   Cupom: 665454</lf>----------------------------------------------</lf>.....S.O.F.T.W.A.R.E.E.X.P.R.E.S.S....</lf>SI                              Rede 5</lf>MU               Codigo transacao: 200</lf>LA               Codigo operacao: 2000</lf>DO                         Valor: 2,00</lf>.....S...I...M...U...L...A...D...O....</lf>SI                   NSU SiTef: 150028</lf>MU                      15/05/26 11:17</lf>LA                    ID PDV: IP000001</lf>DO             Estab.: 000000000000005</lf>.....S...I...M...U...L...A...D...O....</lf>SI                     Host: 999150028</lf>MU         Transacao Simulada Aprovada</lf>LA        TAG AID 0x84: A0000000043060</lf>DO      TAG AID 0x9F06: A0000000043060</lf>.....S...I...M...U...L...A...D...O....</lf>SI                 SALDO DISP.    0,02</lf>          SiTef from Fiserv</lf>----------------------------------------------</lf>Caixa: 000001</lf>----------------------------------------------</lf></lf>=== VIA ESTABELECIMENTO ===</lf>----------------------------------------------</lf>     ACBr CliSiTef - Demo (estudo)</lf>----------------------------------------------</lf>15/05/2026 11:17   Cupom: 665454</lf>----------------------------------------------</lf>.....S.O.F.T.W.A.R.E.E.X.P.R.E.S.S....</lf>SI                              Rede 5</lf>MU               Codigo transacao: 200</lf>LA               Codigo operacao: 2000</lf>DO                         Valor: 2,00</lf>.....S...I...M...U...L...A...D...O....</lf>SI                   NSU SiTef: 150028</lf>MU                      15/05/26 11:17</lf>LA                    ID PDV: IP000001</lf>DO             Estab.: 000000000000005</lf>.....S...I...M...U...L...A...D...O....</lf>SI                     Host: 999150028</lf>MU         Transacao Simulada Aprovada</lf>LA        TAG AID 0x84: A0000000043060</lf>DO      TAG AID 0x9F06: A0000000043060</lf>.....S...I...M...U...L...A...D...O....</lf>          SiTef from Fiserv</lf>----------------------------------------------</lf>Caixa: 000001</lf>----------------------------------------------</lf></lf></lf></corte_total>
-- 15/05 11:17:35:096 - TraduzirTag(</zera>) -> [ESC]@[ESC]2[ESC]t[STX]
-- 15/05 11:17:35:096 - TraduzirTag(</ae>) -> [ESC]a[NUL]
-- 15/05 11:17:35:096 - TraduzirTag(</lf>) ->  [LF]
-- 15/05 11:17:35:112 - TraduzirTag(</lf>) ->  [LF]
-- 15/05 11:17:35:112 - TraduzirTag(</lf>) ->  [LF]
-- 15/05 11:17:35:112 - TraduzirTag(</lf>) ->  [LF]
-- 15/05 11:17:35:112 - TraduzirTag(</lf>) ->  [LF]
-- 15/05 11:17:35:112 - TraduzirTag(</lf>) ->  [LF]
-- 15/05 11:17:35:112 - TraduzirTag(</lf>) ->  [LF]
-- 15/05 11:17:35:112 - TraduzirTag(</lf>) ->  [LF]
-- 15/05 11:17:35:112 - TraduzirTag(</lf>) ->  [LF]
-- 15/05 11:17:35:112 - TraduzirTag(</lf>) ->  [LF]
-- 15/05 11:17:35:112 - TraduzirTag(</lf>) ->  [LF]
-- 15/05 11:17:35:112 - TraduzirTag(</lf>) ->  [LF]
-- 15/05 11:17:35:112 - TraduzirTag(</lf>) ->  [LF]
-- 15/05 11:17:35:112 - TraduzirTag(</lf>) ->  [LF]
-- 15/05 11:17:35:112 - TraduzirTag(</lf>) ->  [LF]
-- 15/05 11:17:35:112 - TraduzirTag(</lf>) ->  [LF]
-- 15/05 11:17:35:112 - TraduzirTag(</lf>) ->  [LF]
-- 15/05 11:17:35:112 - TraduzirTag(</lf>) ->  [LF]
-- 15/05 11:17:35:112 - TraduzirTag(</lf>) ->  [LF]
-- 15/05 11:17:35:112 - TraduzirTag(</lf>) ->  [LF]
-- 15/05 11:17:35:112 - TraduzirTag(</lf>) ->  [LF]
-- 15/05 11:17:35:122 - TraduzirTag(</lf>) ->  [LF]
-- 15/05 11:17:35:122 - TraduzirTag(</lf>) ->  [LF]
-- 15/05 11:17:35:122 - TraduzirTag(</lf>) ->  [LF]
-- 15/05 11:17:35:122 - TraduzirTag(</lf>) ->  [LF]
-- 15/05 11:17:35:122 - TraduzirTag(</lf>) ->  [LF]
-- 15/05 11:17:35:122 - TraduzirTag(</lf>) ->  [LF]
-- 15/05 11:17:35:122 - TraduzirTag(</lf>) ->  [LF]
-- 15/05 11:17:35:122 - TraduzirTag(</lf>) ->  [LF]
-- 15/05 11:17:35:122 - TraduzirTag(</lf>) ->  [LF]
-- 15/05 11:17:35:122 - TraduzirTag(</lf>) ->  [LF]
-- 15/05 11:17:35:122 - TraduzirTag(</lf>) ->  [LF]
-- 15/05 11:17:35:122 - TraduzirTag(</lf>) ->  [LF]
-- 15/05 11:17:35:128 - TraduzirTag(</lf>) ->  [LF]
-- 15/05 11:17:35:128 - TraduzirTag(</lf>) ->  [LF]
-- 15/05 11:17:35:128 - TraduzirTag(</lf>) ->  [LF]
-- 15/05 11:17:35:128 - TraduzirTag(</lf>) ->  [LF]
-- 15/05 11:17:35:128 - TraduzirTag(</lf>) ->  [LF]
-- 15/05 11:17:35:128 - TraduzirTag(</lf>) ->  [LF]
-- 15/05 11:17:35:128 - TraduzirTag(</lf>) ->  [LF]
-- 15/05 11:17:35:128 - TraduzirTag(</lf>) ->  [LF]
-- 15/05 11:17:35:128 - TraduzirTag(</lf>) ->  [LF]
-- 15/05 11:17:35:128 - TraduzirTag(</lf>) ->  [LF]
-- 15/05 11:17:35:128 - TraduzirTag(</lf>) ->  [LF]
-- 15/05 11:17:35:128 - TraduzirTag(</lf>) ->  [LF]
-- 15/05 11:17:35:128 - TraduzirTag(</lf>) ->  [LF]
-- 15/05 11:17:35:128 - TraduzirTag(</lf>) ->  [LF]
-- 15/05 11:17:35:128 - TraduzirTag(</lf>) ->  [LF]
-- 15/05 11:17:35:128 - TraduzirTag(</lf>) ->  [LF]
-- 15/05 11:17:35:128 - TraduzirTag(</lf>) ->  [LF]
-- 15/05 11:17:35:128 - TraduzirTag(</lf>) ->  [LF]
-- 15/05 11:17:35:128 - TraduzirTag(</lf>) ->  [LF]
-- 15/05 11:17:35:128 - TraduzirTag(</lf>) ->  [LF]
-- 15/05 11:17:35:128 - TraduzirTag(</lf>) ->  [LF]
-- 15/05 11:17:35:128 - TraduzirTag(</lf>) ->  [LF]
-- 15/05 11:17:35:128 - TraduzirTag(</lf>) ->  [LF]
-- 15/05 11:17:35:128 - TraduzirTag(</corte_total>) ->  [LF] [LF] [LF] [LF] [LF] [LF] [LF] [LF] [LF] [LF] [LF] [LF] [LF] [LF] [LF] [LF] [LF] [LF] [LF] [LF] [LF][GS]V[NUL]
-- 15/05 11:17:35:128 - EnviarStringDevice([ESC]@[ESC]2[ESC]t[STX][ESC]a[NUL]=== VIA CLIENTE === [LF]---------------------------------------------- [LF]     ACBr CliSiTef - Demo (estudo) [LF]---------------------------------------------- [LF]15/05/2026 11:17   Cupom: 665454 [LF]---------------------------------------------- [LF].....S.O.F.T.W.A.R.E.E.X.P.R.E.S.S.... [LF]SI                              Rede 5 [LF]MU               Codigo transacao: 200 [LF]LA               Codigo operacao: 2000 [LF]DO                         Valor: 2,00 [LF].....S...I...M...U...L...A...D...O.... [LF]SI                   NSU SiTef: 150028 [LF]MU                      15/05/26 11:17 [LF]LA                    ID PDV: IP000001 [LF]DO             Estab.: 000000000000005 [LF].....S...I...M...U...L...A...D...O.... [LF]SI                     Host: 999150028 [LF]MU         Transacao Simulada Aprovada [LF]LA        TAG AID 0x84: A0000000043060 [LF]DO      TAG AID 0x9F06: A0000000043060 [LF].....S...I...M...U...L...A...D...O.... [LF]SI                 SALDO DISP.    0,02 [LF]          SiTef from Fiserv [LF]---------------------------------------------- [LF]Caixa: 000001 [LF]---------------------------------------------- [LF] [LF]=== VIA ESTABELECIMENTO === [LF]---------------------------------------------- [LF]     ACBr CliSiTef - Demo (estudo) [LF]---------------------------------------------- [LF]15/05/2026 11:17   Cupom: 665454 [LF]---------------------------------------------- [LF].....S.O.F.T.W.A.R.E.E.X.P.R.E.S.S.... [LF]SI                              Rede 5 [LF]MU               Codigo transacao: 200 [LF]LA               Codigo operacao: 2000 [LF]DO                         Valor: 2,00 [LF].....S...I...M...U...L...A...D...O.... [LF]SI                   NSU SiTef: 150028 [LF]MU                      15/05/26 11:17 [LF]LA                    ID PDV: IP000001 [LF]DO             Estab.: 000000000000005 [LF].....S...I...M...U...L...A...D...O.... [LF]SI                     Host: 999150028 [LF]MU         Transacao Simulada Aprovada [LF]LA        TAG AID 0x84: A0000000043060 [LF]DO      TAG AID 0x9F06: A0000000043060 [LF].....S...I...M...U...L...A...D...O.... [LF]          SiTef from Fiserv [LF]---------------------------------------------- [LF]Caixa: 000001 [LF]---------------------------------------------- [LF] [LF] [LF] [LF] [LF] [LF] [LF] [LF] [LF] [LF] [LF] [LF] [LF] [LF] [LF] [LF] [LF] [LF] [LF] [LF] [LF] [LF] [LF] [LF][GS]V[NUL])
-- 15/05 11:57:55:422 - SetModelo(ppEscPosEpson)

--------------------------------------------------------------------------------
ATIVAR - 15/05/26 11:58:15:542
  - Modelo.: EscPosEpson
  - TimeOut: 3000 milissegundos
  - Porta..: RAW:ELGIN i9(USB)
  - Tipo...: RawPrinter
--------------------------------------------------------------------------------

-- 15/05 11:58:15:542 - Imprimir, Copias:1, DecodificarTags:SIM, TraduzirTags:SIM
-- 15/05 11:58:15:542 - </zera></ae>TESTE IMPRESSAO</lf>ACBr CliSiTef Demo</lf>15/05/2026 11:58:15</lf></corte_total></lf></corte_total>
-- 15/05 11:58:15:542 - TraduzirTag(</zera>) -> [ESC]@[ESC]2[ESC]t[STX]
-- 15/05 11:58:15:542 - TraduzirTag(</ae>) -> [ESC]a[NUL]
-- 15/05 11:58:15:542 - TraduzirTag(</lf>) ->  [LF]
-- 15/05 11:58:15:542 - TraduzirTag(</lf>) ->  [LF]
-- 15/05 11:58:15:542 - TraduzirTag(</lf>) ->  [LF]
-- 15/05 11:58:15:548 - TraduzirTag(</corte_total>) ->  [LF] [LF] [LF] [LF] [LF] [LF] [LF] [LF] [LF] [LF] [LF] [LF] [LF] [LF] [LF] [LF] [LF] [LF] [LF] [LF] [LF][GS]V[NUL]
-- 15/05 11:58:15:548 - TraduzirTag(</lf>) ->  [LF]
-- 15/05 11:58:15:548 - TraduzirTag(</corte_total>) ->  [LF] [LF] [LF] [LF] [LF] [LF] [LF] [LF] [LF] [LF] [LF] [LF] [LF] [LF] [LF] [LF] [LF] [LF] [LF] [LF] [LF][GS]V[NUL]
-- 15/05 11:58:15:548 - EnviarStringDevice([ESC]@[ESC]2[ESC]t[STX][ESC]a[NUL]TESTE IMPRESSAO [LF]ACBr CliSiTef Demo [LF]15/05/2026 11:58:15 [LF] [LF] [LF] [LF] [LF] [LF] [LF] [LF] [LF] [LF] [LF] [LF] [LF] [LF] [LF] [LF] [LF] [LF] [LF] [LF] [LF] [LF][GS]V[NUL] [LF] [LF] [LF] [LF] [LF] [LF] [LF] [LF] [LF] [LF] [LF] [LF] [LF] [LF] [LF] [LF] [LF] [LF] [LF] [LF] [LF] [LF][GS]V[NUL])
-- 15/05 11:58:52:583 - Imprimir, Copias:1, DecodificarTags:SIM, TraduzirTags:SIM
-- 15/05 11:58:52:583 - </zera></ae>=== VIA CLIENTE ===</lf>----------------------------------------------</lf>     ACBr CliSiTef - Demo (estudo)</lf>----------------------------------------------</lf>15/05/2026 11:58   Cupom: 406765</lf>----------------------------------------------</lf>.....S.O.F.T.W.A.R.E.E.X.P.R.E.S.S....</lf>SI                              Rede 5</lf>MU               Codigo transacao: 200</lf>LA               Codigo operacao: 2000</lf>DO                         Valor: 2,00</lf>.....S...I...M...U...L...A...D...O....</lf>SI                   NSU SiTef: 150029</lf>MU                      15/05/26 11:58</lf>LA                    ID PDV: IP000001</lf>DO             Estab.: 000000000000005</lf>.....S...I...M...U...L...A...D...O....</lf>SI                     Host: 999150029</lf>MU         Transacao Simulada Aprovada</lf>LA        TAG AID 0x84: A0000000043060</lf>DO      TAG AID 0x9F06: A0000000043060</lf>.....S...I...M...U...L...A...D...O....</lf>SI                 SALDO DISP.    0,02</lf>          SiTef from Fiserv</lf>----------------------------------------------</lf>Caixa: 000001</lf>----------------------------------------------</lf></lf></lf></corte_parcial></lf></lf>=== VIA ESTABELECIMENTO ===</lf>----------------------------------------------</lf>     ACBr CliSiTef - Demo (estudo)</lf>----------------------------------------------</lf>15/05/2026 11:58   Cupom: 406765</lf>----------------------------------------------</lf>.....S.O.F.T.W.A.R.E.E.X.P.R.E.S.S....</lf>SI                              Rede 5</lf>MU               Codigo transacao: 200</lf>LA               Codigo operacao: 2000</lf>DO                         Valor: 2,00</lf>.....S...I...M...U...L...A...D...O....</lf>SI                   NSU SiTef: 150029</lf>MU                      15/05/26 11:58</lf>LA                    ID PDV: IP000001</lf>DO             Estab.: 000000000000005</lf>.....S...I...M...U...L...A...D...O....</lf>SI                     Host: 999150029</lf>MU         Transacao Simulada Aprovada</lf>LA        TAG AID 0x84: A0000000043060</lf>DO      TAG AID 0x9F06: A0000000043060</lf>.....S...I...M...U...L...A...D...O....</lf>          SiTef from Fiserv</lf>----------------------------------------------</lf>Caixa: 000001</lf>----------------------------------------------</lf></lf></lf></corte_total>
-- 15/05 11:58:52:583 - TraduzirTag(</zera>) -> [ESC]@[ESC]2[ESC]t[STX]
-- 15/05 11:58:52:583 - TraduzirTag(</ae>) -> [ESC]a[NUL]
-- 15/05 11:58:52:583 - TraduzirTag(</lf>) ->  [LF]
-- 15/05 11:58:52:583 - TraduzirTag(</lf>) ->  [LF]
-- 15/05 11:58:52:583 - TraduzirTag(</lf>) ->  [LF]
-- 15/05 11:58:52:583 - TraduzirTag(</lf>) ->  [LF]
-- 15/05 11:58:52:583 - TraduzirTag(</lf>) ->  [LF]
-- 15/05 11:58:52:583 - TraduzirTag(</lf>) ->  [LF]
-- 15/05 11:58:52:583 - TraduzirTag(</lf>) ->  [LF]
-- 15/05 11:58:52:583 - TraduzirTag(</lf>) ->  [LF]
-- 15/05 11:58:52:583 - TraduzirTag(</lf>) ->  [LF]
-- 15/05 11:58:52:583 - TraduzirTag(</lf>) ->  [LF]
-- 15/05 11:58:52:583 - TraduzirTag(</lf>) ->  [LF]
-- 15/05 11:58:52:599 - TraduzirTag(</lf>) ->  [LF]
-- 15/05 11:58:52:599 - TraduzirTag(</lf>) ->  [LF]
-- 15/05 11:58:52:599 - TraduzirTag(</lf>) ->  [LF]
-- 15/05 11:58:52:599 - TraduzirTag(</lf>) ->  [LF]
-- 15/05 11:58:52:599 - TraduzirTag(</lf>) ->  [LF]
-- 15/05 11:58:52:599 - TraduzirTag(</lf>) ->  [LF]
-- 15/05 11:58:52:599 - TraduzirTag(</lf>) ->  [LF]
-- 15/05 11:58:52:599 - TraduzirTag(</lf>) ->  [LF]
-- 15/05 11:58:52:599 - TraduzirTag(</lf>) ->  [LF]
-- 15/05 11:58:52:599 - TraduzirTag(</lf>) ->  [LF]
-- 15/05 11:58:52:599 - TraduzirTag(</lf>) ->  [LF]
-- 15/05 11:58:52:599 - TraduzirTag(</lf>) ->  [LF]
-- 15/05 11:58:52:599 - TraduzirTag(</lf>) ->  [LF]
-- 15/05 11:58:52:599 - TraduzirTag(</lf>) ->  [LF]
-- 15/05 11:58:52:599 - TraduzirTag(</lf>) ->  [LF]
-- 15/05 11:58:52:599 - TraduzirTag(</lf>) ->  [LF]
-- 15/05 11:58:52:599 - TraduzirTag(</lf>) ->  [LF]
-- 15/05 11:58:52:599 - TraduzirTag(</lf>) ->  [LF]
-- 15/05 11:58:52:599 - TraduzirTag(</corte_parcial>) ->  [LF] [LF] [LF] [LF] [LF] [LF] [LF] [LF] [LF] [LF] [LF] [LF] [LF] [LF] [LF] [LF] [LF] [LF] [LF] [LF] [LF][GS]V[SOH]
-- 15/05 11:58:52:599 - TraduzirTag(</lf>) ->  [LF]
-- 15/05 11:58:52:599 - TraduzirTag(</lf>) ->  [LF]
-- 15/05 11:58:52:599 - TraduzirTag(</lf>) ->  [LF]
-- 15/05 11:58:52:599 - TraduzirTag(</lf>) ->  [LF]
-- 15/05 11:58:52:599 - TraduzirTag(</lf>) ->  [LF]
-- 15/05 11:58:52:599 - TraduzirTag(</lf>) ->  [LF]
-- 15/05 11:58:52:599 - TraduzirTag(</lf>) ->  [LF]
-- 15/05 11:58:52:599 - TraduzirTag(</lf>) ->  [LF]
-- 15/05 11:58:52:599 - TraduzirTag(</lf>) ->  [LF]
-- 15/05 11:58:52:599 - TraduzirTag(</lf>) ->  [LF]
-- 15/05 11:58:52:599 - TraduzirTag(</lf>) ->  [LF]
-- 15/05 11:58:52:599 - TraduzirTag(</lf>) ->  [LF]
-- 15/05 11:58:52:599 - TraduzirTag(</lf>) ->  [LF]
-- 15/05 11:58:52:615 - TraduzirTag(</lf>) ->  [LF]
-- 15/05 11:58:52:615 - TraduzirTag(</lf>) ->  [LF]
-- 15/05 11:58:52:615 - TraduzirTag(</lf>) ->  [LF]
-- 15/05 11:58:52:615 - TraduzirTag(</lf>) ->  [LF]
-- 15/05 11:58:52:615 - TraduzirTag(</lf>) ->  [LF]
-- 15/05 11:58:52:615 - TraduzirTag(</lf>) ->  [LF]
-- 15/05 11:58:52:615 - TraduzirTag(</lf>) ->  [LF]
-- 15/05 11:58:52:615 - TraduzirTag(</lf>) ->  [LF]
-- 15/05 11:58:52:615 - TraduzirTag(</lf>) ->  [LF]
-- 15/05 11:58:52:615 - TraduzirTag(</lf>) ->  [LF]
-- 15/05 11:58:52:615 - TraduzirTag(</lf>) ->  [LF]
-- 15/05 11:58:52:615 - TraduzirTag(</lf>) ->  [LF]
-- 15/05 11:58:52:615 - TraduzirTag(</lf>) ->  [LF]
-- 15/05 11:58:52:615 - TraduzirTag(</lf>) ->  [LF]
-- 15/05 11:58:52:615 - TraduzirTag(</lf>) ->  [LF]
-- 15/05 11:58:52:615 - TraduzirTag(</lf>) ->  [LF]
-- 15/05 11:58:52:615 - TraduzirTag(</lf>) ->  [LF]
-- 15/05 11:58:52:615 - TraduzirTag(</corte_total>) ->  [LF] [LF] [LF] [LF] [LF] [LF] [LF] [LF] [LF] [LF] [LF] [LF] [LF] [LF] [LF] [LF] [LF] [LF] [LF] [LF] [LF][GS]V[NUL]
-- 15/05 11:58:52:615 - EnviarStringDevice([ESC]@[ESC]2[ESC]t[STX][ESC]a[NUL]=== VIA CLIENTE === [LF]---------------------------------------------- [LF]     ACBr CliSiTef - Demo (estudo) [LF]---------------------------------------------- [LF]15/05/2026 11:58   Cupom: 406765 [LF]---------------------------------------------- [LF].....S.O.F.T.W.A.R.E.E.X.P.R.E.S.S.... [LF]SI                              Rede 5 [LF]MU               Codigo transacao: 200 [LF]LA               Codigo operacao: 2000 [LF]DO                         Valor: 2,00 [LF].....S...I...M...U...L...A...D...O.... [LF]SI                   NSU SiTef: 150029 [LF]MU                      15/05/26 11:58 [LF]LA                    ID PDV: IP000001 [LF]DO             Estab.: 000000000000005 [LF].....S...I...M...U...L...A...D...O.... [LF]SI                     Host: 999150029 [LF]MU         Transacao Simulada Aprovada [LF]LA        TAG AID 0x84: A0000000043060 [LF]DO      TAG AID 0x9F06: A0000000043060 [LF].....S...I...M...U...L...A...D...O.... [LF]SI                 SALDO DISP.    0,02 [LF]          SiTef from Fiserv [LF]---------------------------------------------- [LF]Caixa: 000001 [LF]---------------------------------------------- [LF] [LF] [LF] [LF] [LF] [LF] [LF] [LF] [LF] [LF] [LF] [LF] [LF] [LF] [LF] [LF] [LF] [LF] [LF] [LF] [LF] [LF] [LF] [LF][GS]V[SOH] [LF] [LF]=== VIA ESTABELECIMENTO === [LF]---------------------------------------------- [LF]     ACBr CliSiTef - Demo (estudo) [LF]---------------------------------------------- [LF]15/05/2026 11:58   Cupom: 406765 [LF]---------------------------------------------- [LF].....S.O.F.T.W.A.R.E.E.X.P.R.E.S.S.... [LF]SI                              Rede 5 [LF]MU               Codigo transacao: 200 [LF]LA               Codigo operacao: 2000 [LF]DO                         Valor: 2,00 [LF].....S...I...M...U...L...A...D...O.... [LF]SI                   NSU SiTef: 150029 [LF]MU                      15/05/26 11:58 [LF]LA                    ID PDV: IP000001 [LF]DO             Estab.: 000000000000005 [LF].....S...I...M...U...L...A...D...O.... [LF]SI                     Host: 999150029 [LF]MU         Transacao Simulada Aprovada [LF]LA        TAG AID 0x84: A0000000043060 [LF]DO      TAG AID 0x9F06: A0000000043060 [LF].....S...I...M...U...L...A...D...O.... [LF]          SiTef from Fiserv [LF]---------------------------------------------- [LF]Caixa: 000001 [LF]---------------------------------------------- [LF] [LF] [LF] [LF] [LF] [LF] [LF] [LF] [LF] [LF] [LF] [LF] [LF] [LF] [LF] [LF] [LF] [LF] [LF] [LF] [LF] [LF] [LF] [LF][GS]V[NUL])
-- 15/05 12:01:41:324 - Imprimir, Copias:1, DecodificarTags:SIM, TraduzirTags:SIM
-- 15/05 12:01:41:324 - </zera></ae>TESTE IMPRESSAO</lf>ACBr CliSiTef Demo</lf>15/05/2026 12:01:41</lf></corte_total></lf></corte_total>
-- 15/05 12:01:41:324 - TraduzirTag(</zera>) -> [ESC]@[ESC]2[ESC]t[STX]
-- 15/05 12:01:41:324 - TraduzirTag(</ae>) -> [ESC]a[NUL]
-- 15/05 12:01:41:324 - TraduzirTag(</lf>) ->  [LF]
-- 15/05 12:01:41:324 - TraduzirTag(</lf>) ->  [LF]
-- 15/05 12:01:41:324 - TraduzirTag(</lf>) ->  [LF]
-- 15/05 12:01:41:324 - TraduzirTag(</corte_total>) ->  [LF] [LF] [LF] [LF] [LF][GS]V[NUL]
-- 15/05 12:01:41:324 - TraduzirTag(</lf>) ->  [LF]
-- 15/05 12:01:41:324 - TraduzirTag(</corte_total>) ->  [LF] [LF] [LF] [LF] [LF][GS]V[NUL]
-- 15/05 12:01:41:324 - EnviarStringDevice([ESC]@[ESC]2[ESC]t[STX][ESC]a[NUL]TESTE IMPRESSAO [LF]ACBr CliSiTef Demo [LF]15/05/2026 12:01:41 [LF] [LF] [LF] [LF] [LF] [LF][GS]V[NUL] [LF] [LF] [LF] [LF] [LF] [LF][GS]V[NUL])
-- 15/05 12:02:00:435 - Imprimir, Copias:1, DecodificarTags:SIM, TraduzirTags:SIM
-- 15/05 12:02:00:435 - </zera></ae>TESTE IMPRESSAO</lf>ACBr CliSiTef Demo</lf>15/05/2026 12:02:00</lf></corte_total></lf></corte_total>
-- 15/05 12:02:00:440 - TraduzirTag(</zera>) -> [ESC]@[ESC]2[ESC]t[STX]
-- 15/05 12:02:00:440 - TraduzirTag(</ae>) -> [ESC]a[NUL]
-- 15/05 12:02:00:440 - TraduzirTag(</lf>) ->  [LF]
-- 15/05 12:02:00:440 - TraduzirTag(</lf>) ->  [LF]
-- 15/05 12:02:00:440 - TraduzirTag(</lf>) ->  [LF]
-- 15/05 12:02:00:440 - TraduzirTag(</corte_total>) ->  [LF] [LF][GS]V[NUL]
-- 15/05 12:02:00:440 - TraduzirTag(</lf>) ->  [LF]
-- 15/05 12:02:00:440 - TraduzirTag(</corte_total>) ->  [LF] [LF][GS]V[NUL]
-- 15/05 12:02:00:440 - EnviarStringDevice([ESC]@[ESC]2[ESC]t[STX][ESC]a[NUL]TESTE IMPRESSAO [LF]ACBr CliSiTef Demo [LF]15/05/2026 12:02:00 [LF] [LF] [LF][GS]V[NUL] [LF] [LF] [LF][GS]V[NUL])
-- 15/05 12:02:14:562 - Imprimir, Copias:1, DecodificarTags:SIM, TraduzirTags:SIM
-- 15/05 12:02:14:562 - </zera></ae>TESTE IMPRESSAO</lf>ACBr CliSiTef Demo</lf>15/05/2026 12:02:14</lf></corte_total></lf></corte_total>
-- 15/05 12:02:14:562 - TraduzirTag(</zera>) -> [ESC]@[ESC]2[ESC]t[STX]
-- 15/05 12:02:14:562 - TraduzirTag(</ae>) -> [ESC]a[NUL]
-- 15/05 12:02:14:562 - TraduzirTag(</lf>) ->  [LF]
-- 15/05 12:02:14:562 - TraduzirTag(</lf>) ->  [LF]
-- 15/05 12:02:14:562 - TraduzirTag(</lf>) ->  [LF]
-- 15/05 12:02:14:562 - TraduzirTag(</corte_total>) ->  [LF] [LF] [LF][GS]V[NUL]
-- 15/05 12:02:14:562 - TraduzirTag(</lf>) ->  [LF]
-- 15/05 12:02:14:562 - TraduzirTag(</corte_total>) ->  [LF] [LF] [LF][GS]V[NUL]
-- 15/05 12:02:14:562 - EnviarStringDevice([ESC]@[ESC]2[ESC]t[STX][ESC]a[NUL]TESTE IMPRESSAO [LF]ACBr CliSiTef Demo [LF]15/05/2026 12:02:14 [LF] [LF] [LF] [LF][GS]V[NUL] [LF] [LF] [LF] [LF][GS]V[NUL])
-- 15/05 12:02:43:396 - Imprimir, Copias:1, DecodificarTags:SIM, TraduzirTags:SIM
-- 15/05 12:02:43:396 - </zera></ae>=== VIA CLIENTE ===</lf>----------------------------------------------</lf>     ACBr CliSiTef - Demo (estudo)</lf>----------------------------------------------</lf>15/05/2026 12:02   Cupom: 438673</lf>----------------------------------------------</lf>X SIMULACAO</lf>X 000000000000000</lf>C 1a VIA - CLIENTE</lf>X</lf>X DOCUMENTO = 000005150030</lf>          SiTef from Fiserv</lf>----------------------------------------------</lf>Caixa: 000001</lf>----------------------------------------------</lf></lf></lf></corte_parcial></lf></lf>=== VIA ESTABELECIMENTO ===</lf>----------------------------------------------</lf>     ACBr CliSiTef - Demo (estudo)</lf>----------------------------------------------</lf>15/05/2026 12:02   Cupom: 438673</lf>----------------------------------------------</lf>X SIMULACAO</lf>X 000000000000000</lf>E 2a VIA - ESTABELECIMENTO</lf>X</lf>X DOCUMENTO = 000005150030</lf>          SiTef from Fiserv</lf>----------------------------------------------</lf>Caixa: 000001</lf>----------------------------------------------</lf></lf></lf></corte_total>
-- 15/05 12:02:43:396 - TraduzirTag(</zera>) -> [ESC]@[ESC]2[ESC]t[STX]
-- 15/05 12:02:43:396 - TraduzirTag(</ae>) -> [ESC]a[NUL]
-- 15/05 12:02:43:396 - TraduzirTag(</lf>) ->  [LF]
-- 15/05 12:02:43:396 - TraduzirTag(</lf>) ->  [LF]
-- 15/05 12:02:43:396 - TraduzirTag(</lf>) ->  [LF]
-- 15/05 12:02:43:396 - TraduzirTag(</lf>) ->  [LF]
-- 15/05 12:02:43:396 - TraduzirTag(</lf>) ->  [LF]
-- 15/05 12:02:43:411 - TraduzirTag(</lf>) ->  [LF]
-- 15/05 12:02:43:411 - TraduzirTag(</lf>) ->  [LF]
-- 15/05 12:02:43:411 - TraduzirTag(</lf>) ->  [LF]
-- 15/05 12:02:43:411 - TraduzirTag(</lf>) ->  [LF]
-- 15/05 12:02:43:411 - TraduzirTag(</lf>) ->  [LF]
-- 15/05 12:02:43:411 - TraduzirTag(</lf>) ->  [LF]
-- 15/05 12:02:43:411 - TraduzirTag(</lf>) ->  [LF]
-- 15/05 12:02:43:411 - TraduzirTag(</lf>) ->  [LF]
-- 15/05 12:02:43:411 - TraduzirTag(</lf>) ->  [LF]
-- 15/05 12:02:43:411 - TraduzirTag(</lf>) ->  [LF]
-- 15/05 12:02:43:411 - TraduzirTag(</lf>) ->  [LF]
-- 15/05 12:02:43:411 - TraduzirTag(</lf>) ->  [LF]
-- 15/05 12:02:43:411 - TraduzirTag(</corte_parcial>) ->  [LF] [LF] [LF][GS]V[SOH]
-- 15/05 12:02:43:411 - TraduzirTag(</lf>) ->  [LF]
-- 15/05 12:02:43:411 - TraduzirTag(</lf>) ->  [LF]
-- 15/05 12:02:43:411 - TraduzirTag(</lf>) ->  [LF]
-- 15/05 12:02:43:411 - TraduzirTag(</lf>) ->  [LF]
-- 15/05 12:02:43:411 - TraduzirTag(</lf>) ->  [LF]
-- 15/05 12:02:43:411 - TraduzirTag(</lf>) ->  [LF]
-- 15/05 12:02:43:411 - TraduzirTag(</lf>) ->  [LF]
-- 15/05 12:02:43:411 - TraduzirTag(</lf>) ->  [LF]
-- 15/05 12:02:43:411 - TraduzirTag(</lf>) ->  [LF]
-- 15/05 12:02:43:411 - TraduzirTag(</lf>) ->  [LF]
-- 15/05 12:02:43:411 - TraduzirTag(</lf>) ->  [LF]
-- 15/05 12:02:43:411 - TraduzirTag(</lf>) ->  [LF]
-- 15/05 12:02:43:411 - TraduzirTag(</lf>) ->  [LF]
-- 15/05 12:02:43:411 - TraduzirTag(</lf>) ->  [LF]
-- 15/05 12:02:43:411 - TraduzirTag(</lf>) ->  [LF]
-- 15/05 12:02:43:427 - TraduzirTag(</lf>) ->  [LF]
-- 15/05 12:02:43:427 - TraduzirTag(</lf>) ->  [LF]
-- 15/05 12:02:43:427 - TraduzirTag(</lf>) ->  [LF]
-- 15/05 12:02:43:427 - TraduzirTag(</lf>) ->  [LF]
-- 15/05 12:02:43:427 - TraduzirTag(</corte_total>) ->  [LF] [LF] [LF][GS]V[NUL]
-- 15/05 12:02:43:427 - EnviarStringDevice([ESC]@[ESC]2[ESC]t[STX][ESC]a[NUL]=== VIA CLIENTE === [LF]---------------------------------------------- [LF]     ACBr CliSiTef - Demo (estudo) [LF]---------------------------------------------- [LF]15/05/2026 12:02   Cupom: 438673 [LF]---------------------------------------------- [LF]X SIMULACAO [LF]X 000000000000000 [LF]C 1a VIA - CLIENTE [LF]X [LF]X DOCUMENTO = 000005150030 [LF]          SiTef from Fiserv [LF]---------------------------------------------- [LF]Caixa: 000001 [LF]---------------------------------------------- [LF] [LF] [LF] [LF] [LF] [LF][GS]V[SOH] [LF] [LF]=== VIA ESTABELECIMENTO === [LF]---------------------------------------------- [LF]     ACBr CliSiTef - Demo (estudo) [LF]---------------------------------------------- [LF]15/05/2026 12:02   Cupom: 438673 [LF]---------------------------------------------- [LF]X SIMULACAO [LF]X 000000000000000 [LF]E 2a VIA - ESTABELECIMENTO [LF]X [LF]X DOCUMENTO = 000005150030 [LF]          SiTef from Fiserv [LF]---------------------------------------------- [LF]Caixa: 000001 [LF]---------------------------------------------- [LF] [LF] [LF] [LF] [LF] [LF][GS]V[NUL])
-- 15/05 12:03:26:317 - Imprimir, Copias:1, DecodificarTags:SIM, TraduzirTags:SIM
-- 15/05 12:03:26:317 - </zera></ae>=== VIA CLIENTE ===</lf>----------------------------------------------</lf>     ACBr CliSiTef - Demo (estudo)</lf>----------------------------------------------</lf>15/05/2026 12:03   Cupom: 616887</lf>----------------------------------------------</lf>.....S.O.F.T.W.A.R.E.E.X.P.R.E.S.S....</lf>SI                              Rede 5</lf>MU               Codigo transacao: 200</lf>LA               Codigo operacao: 3000</lf>DO                         Valor: 1,00</lf>.....S...I...M...U...L...A...D...O....</lf>SI                   NSU SiTef: 150031</lf>MU                      15/05/26 12:03</lf>LA                    ID PDV: IP000001</lf>DO             Estab.: 000000000000005</lf>.....S...I...M...U...L...A...D...O....</lf>SI                     Host: 999150031</lf>MU         Transacao Simulada Aprovada</lf>LA        TAG AID 0x84: A0000000041010</lf>DO      TAG AID 0x9F06: A0000000041010</lf>.....S...I...M...U...L...A...D...O....</lf>SI                 SALDO DISP.    0,02</lf>          SiTef from Fiserv</lf>----------------------------------------------</lf>Caixa: 000001</lf>----------------------------------------------</lf></lf></lf></corte_parcial></lf></lf>=== VIA ESTABELECIMENTO ===</lf>----------------------------------------------</lf>     ACBr CliSiTef - Demo (estudo)</lf>----------------------------------------------</lf>15/05/2026 12:03   Cupom: 616887</lf>----------------------------------------------</lf>.....S.O.F.T.W.A.R.E.E.X.P.R.E.S.S....</lf>SI                              Rede 5</lf>MU               Codigo transacao: 200</lf>LA               Codigo operacao: 3000</lf>DO                         Valor: 1,00</lf>.....S...I...M...U...L...A...D...O....</lf>SI                   NSU SiTef: 150031</lf>MU                      15/05/26 12:03</lf>LA                    ID PDV: IP000001</lf>DO             Estab.: 000000000000005</lf>.....S...I...M...U...L...A...D...O....</lf>SI                     Host: 999150031</lf>MU         Transacao Simulada Aprovada</lf>LA        TAG AID 0x84: A0000000041010</lf>DO      TAG AID 0x9F06: A0000000041010</lf>.....S...I...M...U...L...A...D...O....</lf>          SiTef from Fiserv</lf>----------------------------------------------</lf>Caixa: 000001</lf>----------------------------------------------</lf></lf></lf></corte_total>
-- 15/05 12:03:26:317 - TraduzirTag(</zera>) -> [ESC]@[ESC]2[ESC]t[STX]
-- 15/05 12:03:26:317 - TraduzirTag(</ae>) -> [ESC]a[NUL]
-- 15/05 12:03:26:317 - TraduzirTag(</lf>) ->  [LF]
-- 15/05 12:03:26:317 - TraduzirTag(</lf>) ->  [LF]
-- 15/05 12:03:26:317 - TraduzirTag(</lf>) ->  [LF]
-- 15/05 12:03:26:317 - TraduzirTag(</lf>) ->  [LF]
-- 15/05 12:03:26:317 - TraduzirTag(</lf>) ->  [LF]
-- 15/05 12:03:26:317 - TraduzirTag(</lf>) ->  [LF]
-- 15/05 12:03:26:317 - TraduzirTag(</lf>) ->  [LF]
-- 15/05 12:03:26:317 - TraduzirTag(</lf>) ->  [LF]
-- 15/05 12:03:26:317 - TraduzirTag(</lf>) ->  [LF]
-- 15/05 12:03:26:317 - TraduzirTag(</lf>) ->  [LF]
-- 15/05 12:03:26:317 - TraduzirTag(</lf>) ->  [LF]
-- 15/05 12:03:26:317 - TraduzirTag(</lf>) ->  [LF]
-- 15/05 12:03:26:317 - TraduzirTag(</lf>) ->  [LF]
-- 15/05 12:03:26:317 - TraduzirTag(</lf>) ->  [LF]
-- 15/05 12:03:26:317 - TraduzirTag(</lf>) ->  [LF]
-- 15/05 12:03:26:317 - TraduzirTag(</lf>) ->  [LF]
-- 15/05 12:03:26:317 - TraduzirTag(</lf>) ->  [LF]
-- 15/05 12:03:26:317 - TraduzirTag(</lf>) ->  [LF]
-- 15/05 12:03:26:317 - TraduzirTag(</lf>) ->  [LF]
-- 15/05 12:03:26:317 - TraduzirTag(</lf>) ->  [LF]
-- 15/05 12:03:26:317 - TraduzirTag(</lf>) ->  [LF]
-- 15/05 12:03:26:317 - TraduzirTag(</lf>) ->  [LF]
-- 15/05 12:03:26:333 - TraduzirTag(</lf>) ->  [LF]
-- 15/05 12:03:26:333 - TraduzirTag(</lf>) ->  [LF]
-- 15/05 12:03:26:333 - TraduzirTag(</lf>) ->  [LF]
-- 15/05 12:03:26:335 - TraduzirTag(</lf>) ->  [LF]
-- 15/05 12:03:26:335 - TraduzirTag(</lf>) ->  [LF]
-- 15/05 12:03:26:335 - TraduzirTag(</lf>) ->  [LF]
-- 15/05 12:03:26:337 - TraduzirTag(</lf>) ->  [LF]
-- 15/05 12:03:26:337 - TraduzirTag(</corte_parcial>) ->  [LF] [LF] [LF][GS]V[SOH]
-- 15/05 12:03:26:337 - TraduzirTag(</lf>) ->  [LF]
-- 15/05 12:03:26:339 - TraduzirTag(</lf>) ->  [LF]
-- 15/05 12:03:26:339 - TraduzirTag(</lf>) ->  [LF]
-- 15/05 12:03:26:339 - TraduzirTag(</lf>) ->  [LF]
-- 15/05 12:03:26:339 - TraduzirTag(</lf>) ->  [LF]
-- 15/05 12:03:26:341 - TraduzirTag(</lf>) ->  [LF]
-- 15/05 12:03:26:341 - TraduzirTag(</lf>) ->  [LF]
-- 15/05 12:03:26:341 - TraduzirTag(</lf>) ->  [LF]
-- 15/05 12:03:26:341 - TraduzirTag(</lf>) ->  [LF]
-- 15/05 12:03:26:343 - TraduzirTag(</lf>) ->  [LF]
-- 15/05 12:03:26:343 - TraduzirTag(</lf>) ->  [LF]
-- 15/05 12:03:26:343 - TraduzirTag(</lf>) ->  [LF]
-- 15/05 12:03:26:343 - TraduzirTag(</lf>) ->  [LF]
-- 15/05 12:03:26:343 - TraduzirTag(</lf>) ->  [LF]
-- 15/05 12:03:26:343 - TraduzirTag(</lf>) ->  [LF]
-- 15/05 12:03:26:343 - TraduzirTag(</lf>) ->  [LF]
-- 15/05 12:03:26:343 - TraduzirTag(</lf>) ->  [LF]
-- 15/05 12:03:26:343 - TraduzirTag(</lf>) ->  [LF]
-- 15/05 12:03:26:343 - TraduzirTag(</lf>) ->  [LF]
-- 15/05 12:03:26:343 - TraduzirTag(</lf>) ->  [LF]
-- 15/05 12:03:26:349 - TraduzirTag(</lf>) ->  [LF]
-- 15/05 12:03:26:349 - TraduzirTag(</lf>) ->  [LF]
-- 15/05 12:03:26:349 - TraduzirTag(</lf>) ->  [LF]
-- 15/05 12:03:26:349 - TraduzirTag(</lf>) ->  [LF]
-- 15/05 12:03:26:349 - TraduzirTag(</lf>) ->  [LF]
-- 15/05 12:03:26:349 - TraduzirTag(</lf>) ->  [LF]
-- 15/05 12:03:26:349 - TraduzirTag(</lf>) ->  [LF]
-- 15/05 12:03:26:349 - TraduzirTag(</lf>) ->  [LF]
-- 15/05 12:03:26:349 - TraduzirTag(</lf>) ->  [LF]
-- 15/05 12:03:26:349 - TraduzirTag(</lf>) ->  [LF]
-- 15/05 12:03:26:349 - TraduzirTag(</corte_total>) ->  [LF] [LF] [LF][GS]V[NUL]
-- 15/05 12:03:26:349 - EnviarStringDevice([ESC]@[ESC]2[ESC]t[STX][ESC]a[NUL]=== VIA CLIENTE === [LF]---------------------------------------------- [LF]     ACBr CliSiTef - Demo (estudo) [LF]---------------------------------------------- [LF]15/05/2026 12:03   Cupom: 616887 [LF]---------------------------------------------- [LF].....S.O.F.T.W.A.R.E.E.X.P.R.E.S.S.... [LF]SI                              Rede 5 [LF]MU               Codigo transacao: 200 [LF]LA               Codigo operacao: 3000 [LF]DO                         Valor: 1,00 [LF].....S...I...M...U...L...A...D...O.... [LF]SI                   NSU SiTef: 150031 [LF]MU                      15/05/26 12:03 [LF]LA                    ID PDV: IP000001 [LF]DO             Estab.: 000000000000005 [LF].....S...I...M...U...L...A...D...O.... [LF]SI                     Host: 999150031 [LF]MU         Transacao Simulada Aprovada [LF]LA        TAG AID 0x84: A0000000041010 [LF]DO      TAG AID 0x9F06: A0000000041010 [LF].....S...I...M...U...L...A...D...O.... [LF]SI                 SALDO DISP.    0,02 [LF]          SiTef from Fiserv [LF]---------------------------------------------- [LF]Caixa: 000001 [LF]---------------------------------------------- [LF] [LF] [LF] [LF] [LF] [LF][GS]V[SOH] [LF] [LF]=== VIA ESTABELECIMENTO === [LF]---------------------------------------------- [LF]     ACBr CliSiTef - Demo (estudo) [LF]---------------------------------------------- [LF]15/05/2026 12:03   Cupom: 616887 [LF]---------------------------------------------- [LF].....S.O.F.T.W.A.R.E.E.X.P.R.E.S.S.... [LF]SI                              Rede 5 [LF]MU               Codigo transacao: 200 [LF]LA               Codigo operacao: 3000 [LF]DO                         Valor: 1,00 [LF].....S...I...M...U...L...A...D...O.... [LF]SI                   NSU SiTef: 150031 [LF]MU                      15/05/26 12:03 [LF]LA                    ID PDV: IP000001 [LF]DO             Estab.: 000000000000005 [LF].....S...I...M...U...L...A...D...O.... [LF]SI                     Host: 999150031 [LF]MU         Transacao Simulada Aprovada [LF]LA        TAG AID 0x84: A0000000041010 [LF]DO      TAG AID 0x9F06: A0000000041010 [LF].....S...I...M...U...L...A...D...O.... [LF]          SiTef from Fiserv [LF]---------------------------------------------- [LF]Caixa: 000001 [LF]---------------------------------------------- [LF] [LF] [LF] [LF] [LF] [LF][GS]V[NUL])
-- 15/05 12:04:27:164 - SetModelo(ppEscPosEpson)
-- 15/05 12:04:49:281 - SetModelo(ppTexto)

--------------------------------------------------------------------------------
ATIVAR - 15/05/26 12:05:03:633
  - Modelo.: Texto
  - TimeOut: 3000 milissegundos
  - Porta..: C:\DEV\C#\ACBr\Fiserv\CliSiTef\src\ACBr.CliSiTef.Demo\bin\Debug\imp\comprovante_simulado.txt
  - Tipo...: File
--------------------------------------------------------------------------------

-- 15/05 12:05:03:638 - Imprimir, Copias:1, DecodificarTags:SIM, TraduzirTags:SIM
-- 15/05 12:05:03:638 - </zera></ae>TESTE IMPRESSAO</lf>ACBr CliSiTef Demo</lf>15/05/2026 12:05:03</lf></corte_total></lf></corte_total>
-- 15/05 12:05:03:638 - TraduzirTag(</zera>) -> 
-- 15/05 12:05:03:638 - TraduzirTag(</ae>) -> 
-- 15/05 12:05:03:638 - TraduzirTag(</lf>) ->  [LF]
-- 15/05 12:05:03:638 - TraduzirTag(</lf>) ->  [LF]
-- 15/05 12:05:03:638 - TraduzirTag(</lf>) ->  [LF]
-- 15/05 12:05:03:638 - TraduzirTag(</corte_total>) ->  [LF] [LF] [LF]
-- 15/05 12:05:03:638 - TraduzirTag(</lf>) ->  [LF]
-- 15/05 12:05:03:638 - TraduzirTag(</corte_total>) ->  [LF] [LF] [LF]
-- 15/05 12:05:03:638 - EnviarStringDevice(TESTE IMPRESSAO [LF]ACBr CliSiTef Demo [LF]15/05/2026 12:05:03 [LF] [LF] [LF] [LF] [LF] [LF] [LF] [LF])
-- 15/05 12:05:49:610 - Imprimir, Copias:1, DecodificarTags:SIM, TraduzirTags:SIM
-- 15/05 12:05:49:610 - </zera></ae>=== VIA CLIENTE ===</lf>----------------------------------------------</lf>     ACBr CliSiTef - Demo (estudo)</lf>----------------------------------------------</lf>15/05/2026 12:05   Cupom: 948216</lf>----------------------------------------------</lf>.....S.O.F.T.W.A.R.E.E.X.P.R.E.S.S....</lf>SI                              Rede 5</lf>MU               Codigo transacao: 200</lf>LA               Codigo operacao: 2000</lf>DO                         Valor: 1,00</lf>.....S...I...M...U...L...A...D...O....</lf>SI                   NSU SiTef: 150032</lf>MU                      15/05/26 12:05</lf>LA                    ID PDV: IP000001</lf>DO             Estab.: 000000000000005</lf>.....S...I...M...U...L...A...D...O....</lf>SI                     Host: 999150032</lf>MU         Transacao Simulada Aprovada</lf>LA        TAG AID 0x84: A0000000043060</lf>DO      TAG AID 0x9F06: A0000000043060</lf>.....S...I...M...U...L...A...D...O....</lf>SI                 SALDO DISP.    0,02</lf>          SiTef from Fiserv</lf>----------------------------------------------</lf>Caixa: 000001</lf>----------------------------------------------</lf></lf></lf></corte_parcial></lf></lf>=== VIA ESTABELECIMENTO ===</lf>----------------------------------------------</lf>     ACBr CliSiTef - Demo (estudo)</lf>----------------------------------------------</lf>15/05/2026 12:05   Cupom: 948216</lf>----------------------------------------------</lf>.....S.O.F.T.W.A.R.E.E.X.P.R.E.S.S....</lf>SI                              Rede 5</lf>MU               Codigo transacao: 200</lf>LA               Codigo operacao: 2000</lf>DO                         Valor: 1,00</lf>.....S...I...M...U...L...A...D...O....</lf>SI                   NSU SiTef: 150032</lf>MU                      15/05/26 12:05</lf>LA                    ID PDV: IP000001</lf>DO             Estab.: 000000000000005</lf>.....S...I...M...U...L...A...D...O....</lf>SI                     Host: 999150032</lf>MU         Transacao Simulada Aprovada</lf>LA        TAG AID 0x84: A0000000043060</lf>DO      TAG AID 0x9F06: A0000000043060</lf>.....S...I...M...U...L...A...D...O....</lf>          SiTef from Fiserv</lf>----------------------------------------------</lf>Caixa: 000001</lf>----------------------------------------------</lf></lf></lf></corte_total>
-- 15/05 12:05:49:610 - TraduzirTag(</zera>) -> 
-- 15/05 12:05:49:610 - TraduzirTag(</ae>) -> 
-- 15/05 12:05:49:610 - TraduzirTag(</lf>) ->  [LF]
-- 15/05 12:05:49:610 - TraduzirTag(</lf>) ->  [LF]
-- 15/05 12:05:49:610 - TraduzirTag(</lf>) ->  [LF]
-- 15/05 12:05:49:610 - TraduzirTag(</lf>) ->  [LF]
-- 15/05 12:05:49:610 - TraduzirTag(</lf>) ->  [LF]
-- 15/05 12:05:49:610 - TraduzirTag(</lf>) ->  [LF]
-- 15/05 12:05:49:610 - TraduzirTag(</lf>) ->  [LF]
-- 15/05 12:05:49:610 - TraduzirTag(</lf>) ->  [LF]
-- 15/05 12:05:49:610 - TraduzirTag(</lf>) ->  [LF]
-- 15/05 12:05:49:610 - TraduzirTag(</lf>) ->  [LF]
-- 15/05 12:05:49:610 - TraduzirTag(</lf>) ->  [LF]
-- 15/05 12:05:49:610 - TraduzirTag(</lf>) ->  [LF]
-- 15/05 12:05:49:610 - TraduzirTag(</lf>) ->  [LF]
-- 15/05 12:05:49:610 - TraduzirTag(</lf>) ->  [LF]
-- 15/05 12:05:49:610 - TraduzirTag(</lf>) ->  [LF]
-- 15/05 12:05:49:610 - TraduzirTag(</lf>) ->  [LF]
-- 15/05 12:05:49:610 - TraduzirTag(</lf>) ->  [LF]
-- 15/05 12:05:49:626 - TraduzirTag(</lf>) ->  [LF]
-- 15/05 12:05:49:626 - TraduzirTag(</lf>) ->  [LF]
-- 15/05 12:05:49:626 - TraduzirTag(</lf>) ->  [LF]
-- 15/05 12:05:49:626 - TraduzirTag(</lf>) ->  [LF]
-- 15/05 12:05:49:626 - TraduzirTag(</lf>) ->  [LF]
-- 15/05 12:05:49:626 - TraduzirTag(</lf>) ->  [LF]
-- 15/05 12:05:49:626 - TraduzirTag(</lf>) ->  [LF]
-- 15/05 12:05:49:626 - TraduzirTag(</lf>) ->  [LF]
-- 15/05 12:05:49:626 - TraduzirTag(</lf>) ->  [LF]
-- 15/05 12:05:49:626 - TraduzirTag(</lf>) ->  [LF]
-- 15/05 12:05:49:626 - TraduzirTag(</lf>) ->  [LF]
-- 15/05 12:05:49:626 - TraduzirTag(</lf>) ->  [LF]
-- 15/05 12:05:49:626 - TraduzirTag(</corte_parcial>) ->  [LF] [LF] [LF]
-- 15/05 12:05:49:626 - TraduzirTag(</lf>) ->  [LF]
-- 15/05 12:05:49:626 - TraduzirTag(</lf>) ->  [LF]
-- 15/05 12:05:49:626 - TraduzirTag(</lf>) ->  [LF]
-- 15/05 12:05:49:626 - TraduzirTag(</lf>) ->  [LF]
-- 15/05 12:05:49:626 - TraduzirTag(</lf>) ->  [LF]
-- 15/05 12:05:49:626 - TraduzirTag(</lf>) ->  [LF]
-- 15/05 12:05:49:626 - TraduzirTag(</lf>) ->  [LF]
-- 15/05 12:05:49:626 - TraduzirTag(</lf>) ->  [LF]
-- 15/05 12:05:49:626 - TraduzirTag(</lf>) ->  [LF]
-- 15/05 12:05:49:626 - TraduzirTag(</lf>) ->  [LF]
-- 15/05 12:05:49:626 - TraduzirTag(</lf>) ->  [LF]
-- 15/05 12:05:49:626 - TraduzirTag(</lf>) ->  [LF]
-- 15/05 12:05:49:626 - TraduzirTag(</lf>) ->  [LF]
-- 15/05 12:05:49:626 - TraduzirTag(</lf>) ->  [LF]
-- 15/05 12:05:49:626 - TraduzirTag(</lf>) ->  [LF]
-- 15/05 12:05:49:626 - TraduzirTag(</lf>) ->  [LF]
-- 15/05 12:05:49:626 - TraduzirTag(</lf>) ->  [LF]
-- 15/05 12:05:49:626 - TraduzirTag(</lf>) ->  [LF]
-- 15/05 12:05:49:626 - TraduzirTag(</lf>) ->  [LF]
-- 15/05 12:05:49:626 - TraduzirTag(</lf>) ->  [LF]
-- 15/05 12:05:49:626 - TraduzirTag(</lf>) ->  [LF]
-- 15/05 12:05:49:626 - TraduzirTag(</lf>) ->  [LF]
-- 15/05 12:05:49:626 - TraduzirTag(</lf>) ->  [LF]
-- 15/05 12:05:49:642 - TraduzirTag(</lf>) ->  [LF]
-- 15/05 12:05:49:642 - TraduzirTag(</lf>) ->  [LF]
-- 15/05 12:05:49:642 - TraduzirTag(</lf>) ->  [LF]
-- 15/05 12:05:49:642 - TraduzirTag(</lf>) ->  [LF]
-- 15/05 12:05:49:642 - TraduzirTag(</lf>) ->  [LF]
-- 15/05 12:05:49:642 - TraduzirTag(</lf>) ->  [LF]
-- 15/05 12:05:49:642 - TraduzirTag(</lf>) ->  [LF]
-- 15/05 12:05:49:642 - TraduzirTag(</corte_total>) ->  [LF] [LF] [LF]
-- 15/05 12:05:49:642 - EnviarStringDevice(=== VIA CLIENTE === [LF]---------------------------------------------- [LF]     ACBr CliSiTef - Demo (estudo) [LF]---------------------------------------------- [LF]15/05/2026 12:05   Cupom: 948216 [LF]---------------------------------------------- [LF].....S.O.F.T.W.A.R.E.E.X.P.R.E.S.S.... [LF]SI                              Rede 5 [LF]MU               Codigo transacao: 200 [LF]LA               Codigo operacao: 2000 [LF]DO                         Valor: 1,00 [LF].....S...I...M...U...L...A...D...O.... [LF]SI                   NSU SiTef: 150032 [LF]MU                      15/05/26 12:05 [LF]LA                    ID PDV: IP000001 [LF]DO             Estab.: 000000000000005 [LF].....S...I...M...U...L...A...D...O.... [LF]SI                     Host: 999150032 [LF]MU         Transacao Simulada Aprovada [LF]LA        TAG AID 0x84: A0000000043060 [LF]DO      TAG AID 0x9F06: A0000000043060 [LF].....S...I...M...U...L...A...D...O.... [LF]SI                 SALDO DISP.    0,02 [LF]          SiTef from Fiserv [LF]---------------------------------------------- [LF]Caixa: 000001 [LF]---------------------------------------------- [LF] [LF] [LF] [LF] [LF] [LF] [LF] [LF]=== VIA ESTABELECIMENTO === [LF]---------------------------------------------- [LF]     ACBr CliSiTef - Demo (estudo) [LF]---------------------------------------------- [LF]15/05/2026 12:05   Cupom: 948216 [LF]---------------------------------------------- [LF].....S.O.F.T.W.A.R.E.E.X.P.R.E.S.S.... [LF]SI                              Rede 5 [LF]MU               Codigo transacao: 200 [LF]LA               Codigo operacao: 2000 [LF]DO                         Valor: 1,00 [LF].....S...I...M...U...L...A...D...O.... [LF]SI                   NSU SiTef: 150032 [LF]MU                      15/05/26 12:05 [LF]LA                    ID PDV: IP000001 [LF]DO             Estab.: 000000000000005 [LF].....S...I...M...U...L...A...D...O.... [LF]SI                     Host: 999150032 [LF]MU         Transacao Simulada Aprovada [LF]LA        TAG AID 0x84: A0000000043060 [LF]DO      TAG AID 0x9F06: A0000000043060 [LF].....S...I...M...U...L...A...D...O.... [LF]          SiTef from Fiserv [LF]---------------------------------------------- [LF]Caixa: 000001 [LF]---------------------------------------------- [LF] [LF] [LF] [LF] [LF] [LF])

--------------------------------------------------------------------------------
DESATIVAR - 15/05/26 12:06:31:229
--------------------------------------------------------------------------------

-- 15/05 12:06:31:229 - SetModelo(ppEscPosEpson)

--------------------------------------------------------------------------------
ATIVAR - 15/05/26 12:06:39:615
  - Modelo.: EscPosEpson
  - TimeOut: 3000 milissegundos
  - Porta..: RAW:ELGIN i9(USB)
  - Tipo...: RawPrinter
--------------------------------------------------------------------------------

-- 15/05 12:06:39:615 - Imprimir, Copias:1, DecodificarTags:SIM, TraduzirTags:SIM
-- 15/05 12:06:39:615 - </zera></ae>TESTE IMPRESSAO</lf>ACBr CliSiTef Demo</lf>15/05/2026 12:06:39</lf></corte_total></lf></corte_total>
-- 15/05 12:06:39:615 - TraduzirTag(</zera>) -> [ESC]@[ESC]2[ESC]t[STX]
-- 15/05 12:06:39:615 - TraduzirTag(</ae>) -> [ESC]a[NUL]
-- 15/05 12:06:39:615 - TraduzirTag(</lf>) ->  [LF]
-- 15/05 12:06:39:615 - TraduzirTag(</lf>) ->  [LF]
-- 15/05 12:06:39:615 - TraduzirTag(</lf>) ->  [LF]
-- 15/05 12:06:39:615 - TraduzirTag(</corte_total>) ->  [LF] [LF] [LF][GS]V[NUL]
-- 15/05 12:06:39:615 - TraduzirTag(</lf>) ->  [LF]
-- 15/05 12:06:39:615 - TraduzirTag(</corte_total>) ->  [LF] [LF] [LF][GS]V[NUL]
-- 15/05 12:06:39:631 - EnviarStringDevice([ESC]@[ESC]2[ESC]t[STX][ESC]a[NUL]TESTE IMPRESSAO [LF]ACBr CliSiTef Demo [LF]15/05/2026 12:06:39 [LF] [LF] [LF] [LF][GS]V[NUL] [LF] [LF] [LF] [LF][GS]V[NUL])
-- 15/05 12:06:54:771 - Imprimir, Copias:1, DecodificarTags:SIM, TraduzirTags:SIM
-- 15/05 12:06:54:771 - </zera></ae>=== VIA CLIENTE ===</lf>----------------------------------------------</lf>     ACBr CliSiTef - Demo (estudo)</lf>----------------------------------------------</lf>15/05/2026 12:06   Cupom: 388839</lf>----------------------------------------------</lf>X SIMULACAO</lf>X 000000000000000</lf>C 1a VIA - CLIENTE</lf>X</lf>X DOCUMENTO = 000005150033</lf>          SiTef from Fiserv</lf>----------------------------------------------</lf>Caixa: 000001</lf>----------------------------------------------</lf></lf></lf></corte_parcial></lf></lf>=== VIA ESTABELECIMENTO ===</lf>----------------------------------------------</lf>     ACBr CliSiTef - Demo (estudo)</lf>----------------------------------------------</lf>15/05/2026 12:06   Cupom: 388839</lf>----------------------------------------------</lf>X SIMULACAO</lf>X 000000000000000</lf>E 2a VIA - ESTABELECIMENTO</lf>X</lf>X DOCUMENTO = 000005150033</lf>          SiTef from Fiserv</lf>----------------------------------------------</lf>Caixa: 000001</lf>----------------------------------------------</lf></lf></lf></corte_total>
-- 15/05 12:06:54:771 - TraduzirTag(</zera>) -> [ESC]@[ESC]2[ESC]t[STX]
-- 15/05 12:06:54:771 - TraduzirTag(</ae>) -> [ESC]a[NUL]
-- 15/05 12:06:54:787 - TraduzirTag(</lf>) ->  [LF]
-- 15/05 12:06:54:787 - TraduzirTag(</lf>) ->  [LF]
-- 15/05 12:06:54:787 - TraduzirTag(</lf>) ->  [LF]
-- 15/05 12:06:54:787 - TraduzirTag(</lf>) ->  [LF]
-- 15/05 12:06:54:789 - TraduzirTag(</lf>) ->  [LF]
-- 15/05 12:06:54:789 - TraduzirTag(</lf>) ->  [LF]
-- 15/05 12:06:54:789 - TraduzirTag(</lf>) ->  [LF]
-- 15/05 12:06:54:789 - TraduzirTag(</lf>) ->  [LF]
-- 15/05 12:06:54:791 - TraduzirTag(</lf>) ->  [LF]
-- 15/05 12:06:54:791 - TraduzirTag(</lf>) ->  [LF]
-- 15/05 12:06:54:791 - TraduzirTag(</lf>) ->  [LF]
-- 15/05 12:06:54:791 - TraduzirTag(</lf>) ->  [LF]
-- 15/05 12:06:54:791 - TraduzirTag(</lf>) ->  [LF]
-- 15/05 12:06:54:791 - TraduzirTag(</lf>) ->  [LF]
-- 15/05 12:06:54:794 - TraduzirTag(</lf>) ->  [LF]
-- 15/05 12:06:54:794 - TraduzirTag(</lf>) ->  [LF]
-- 15/05 12:06:54:794 - TraduzirTag(</lf>) ->  [LF]
-- 15/05 12:06:54:794 - TraduzirTag(</corte_parcial>) ->  [LF] [LF] [LF][GS]V[SOH]
-- 15/05 12:06:54:797 - TraduzirTag(</lf>) ->  [LF]
-- 15/05 12:06:54:797 - TraduzirTag(</lf>) ->  [LF]
-- 15/05 12:06:54:797 - TraduzirTag(</lf>) ->  [LF]
-- 15/05 12:06:54:797 - TraduzirTag(</lf>) ->  [LF]
-- 15/05 12:06:54:797 - TraduzirTag(</lf>) ->  [LF]
-- 15/05 12:06:54:797 - TraduzirTag(</lf>) ->  [LF]
-- 15/05 12:06:54:797 - TraduzirTag(</lf>) ->  [LF]
-- 15/05 12:06:54:800 - TraduzirTag(</lf>) ->  [LF]
-- 15/05 12:06:54:800 - TraduzirTag(</lf>) ->  [LF]
-- 15/05 12:06:54:800 - TraduzirTag(</lf>) ->  [LF]
-- 15/05 12:06:54:800 - TraduzirTag(</lf>) ->  [LF]
-- 15/05 12:06:54:802 - TraduzirTag(</lf>) ->  [LF]
-- 15/05 12:06:54:802 - TraduzirTag(</lf>) ->  [LF]
-- 15/05 12:06:54:803 - TraduzirTag(</lf>) ->  [LF]
-- 15/05 12:06:54:803 - TraduzirTag(</lf>) ->  [LF]
-- 15/05 12:06:54:803 - TraduzirTag(</lf>) ->  [LF]
-- 15/05 12:06:54:803 - TraduzirTag(</lf>) ->  [LF]
-- 15/05 12:06:54:803 - TraduzirTag(</lf>) ->  [LF]
-- 15/05 12:06:54:803 - TraduzirTag(</lf>) ->  [LF]
-- 15/05 12:06:54:803 - TraduzirTag(</corte_total>) ->  [LF] [LF] [LF][GS]V[NUL]
-- 15/05 12:06:54:803 - EnviarStringDevice([ESC]@[ESC]2[ESC]t[STX][ESC]a[NUL]=== VIA CLIENTE === [LF]---------------------------------------------- [LF]     ACBr CliSiTef - Demo (estudo) [LF]---------------------------------------------- [LF]15/05/2026 12:06   Cupom: 388839 [LF]---------------------------------------------- [LF]X SIMULACAO [LF]X 000000000000000 [LF]C 1a VIA - CLIENTE [LF]X [LF]X DOCUMENTO = 000005150033 [LF]          SiTef from Fiserv [LF]---------------------------------------------- [LF]Caixa: 000001 [LF]---------------------------------------------- [LF] [LF] [LF] [LF] [LF] [LF][GS]V[SOH] [LF] [LF]=== VIA ESTABELECIMENTO === [LF]---------------------------------------------- [LF]     ACBr CliSiTef - Demo (estudo) [LF]---------------------------------------------- [LF]15/05/2026 12:06   Cupom: 388839 [LF]---------------------------------------------- [LF]X SIMULACAO [LF]X 000000000000000 [LF]E 2a VIA - ESTABELECIMENTO [LF]X [LF]X DOCUMENTO = 000005150033 [LF]          SiTef from Fiserv [LF]---------------------------------------------- [LF]Caixa: 000001 [LF]---------------------------------------------- [LF] [LF] [LF] [LF] [LF] [LF][GS]V[NUL])
-- 15/05 12:10:37:425 - SetModelo(ppEscPosEpson)

--------------------------------------------------------------------------------
ATIVAR - 15/05/26 12:10:45:737
  - Modelo.: EscPosEpson
  - TimeOut: 3000 milissegundos
  - Porta..: RAW:ELGIN i9(USB)
  - Tipo...: RawPrinter
--------------------------------------------------------------------------------


--------------------------------------------------------------------------------
DESATIVAR - 15/05/26 12:10:47:877
--------------------------------------------------------------------------------


--------------------------------------------------------------------------------
ATIVAR - 15/05/26 12:11:27:888
  - Modelo.: EscPosEpson
  - TimeOut: 3000 milissegundos
  - Porta..: RAW:ELGIN i9(USB)
  - Tipo...: RawPrinter
--------------------------------------------------------------------------------

-- 15/05 12:11:27:888 - Imprimir, Copias:1, DecodificarTags:SIM, TraduzirTags:SIM
-- 15/05 12:11:27:888 - </zera></ae>=== VIA CLIENTE ===</lf>----------------------------------------------</lf>     ACBr CliSiTef - Demo (estudo)</lf>----------------------------------------------</lf>15/05/2026 12:11   Cupom: 665047</lf>----------------------------------------------</lf>.....S.O.F.T.W.A.R.E.E.X.P.R.E.S.S....</lf>SI                              Rede 5</lf>MU               Codigo transacao: 200</lf>LA               Codigo operacao: 3000</lf>DO                         Valor: 1,00</lf>.....S...I...M...U...L...A...D...O....</lf>SI                   NSU SiTef: 150034</lf>MU                      15/05/26 12:11</lf>LA                    ID PDV: IP000001</lf>DO             Estab.: 000000000000005</lf>.....S...I...M...U...L...A...D...O....</lf>SI                     Host: 999150034</lf>MU         Transacao Simulada Aprovada</lf>LA        TAG AID 0x84: A0000000041010</lf>DO      TAG AID 0x9F06: A0000000041010</lf>.....S...I...M...U...L...A...D...O....</lf>SI                 SALDO DISP.    0,02</lf>          SiTef from Fiserv</lf>----------------------------------------------</lf>Caixa: 000001</lf>----------------------------------------------</lf></lf></lf></corte_parcial></lf></lf>=== VIA ESTABELECIMENTO ===</lf>----------------------------------------------</lf>     ACBr CliSiTef - Demo (estudo)</lf>----------------------------------------------</lf>15/05/2026 12:11   Cupom: 665047</lf>----------------------------------------------</lf>.....S.O.F.T.W.A.R.E.E.X.P.R.E.S.S....</lf>SI                              Rede 5</lf>MU               Codigo transacao: 200</lf>LA               Codigo operacao: 3000</lf>DO                         Valor: 1,00</lf>.....S...I...M...U...L...A...D...O....</lf>SI                   NSU SiTef: 150034</lf>MU                      15/05/26 12:11</lf>LA                    ID PDV: IP000001</lf>DO             Estab.: 000000000000005</lf>.....S...I...M...U...L...A...D...O....</lf>SI                     Host: 999150034</lf>MU         Transacao Simulada Aprovada</lf>LA        TAG AID 0x84: A0000000041010</lf>DO      TAG AID 0x9F06: A0000000041010</lf>.....S...I...M...U...L...A...D...O....</lf>          SiTef from Fiserv</lf>----------------------------------------------</lf>Caixa: 000001</lf>----------------------------------------------</lf></lf></lf></corte_total>
-- 15/05 12:11:27:888 - TraduzirTag(</zera>) -> [ESC]@[ESC]2[ESC]t[STX]
-- 15/05 12:11:27:904 - TraduzirTag(</ae>) -> [ESC]a[NUL]
-- 15/05 12:11:27:904 - TraduzirTag(</lf>) ->  [LF]
-- 15/05 12:11:27:904 - TraduzirTag(</lf>) ->  [LF]
-- 15/05 12:11:27:904 - TraduzirTag(</lf>) ->  [LF]
-- 15/05 12:11:27:904 - TraduzirTag(</lf>) ->  [LF]
-- 15/05 12:11:27:907 - TraduzirTag(</lf>) ->  [LF]
-- 15/05 12:11:27:907 - TraduzirTag(</lf>) ->  [LF]
-- 15/05 12:11:27:907 - TraduzirTag(</lf>) ->  [LF]
-- 15/05 12:11:27:907 - TraduzirTag(</lf>) ->  [LF]
-- 15/05 12:11:27:907 - TraduzirTag(</lf>) ->  [LF]
-- 15/05 12:11:27:907 - TraduzirTag(</lf>) ->  [LF]
-- 15/05 12:11:27:907 - TraduzirTag(</lf>) ->  [LF]
-- 15/05 12:11:27:907 - TraduzirTag(</lf>) ->  [LF]
-- 15/05 12:11:27:907 - TraduzirTag(</lf>) ->  [LF]
-- 15/05 12:11:27:907 - TraduzirTag(</lf>) ->  [LF]
-- 15/05 12:11:27:907 - TraduzirTag(</lf>) ->  [LF]
-- 15/05 12:11:27:907 - TraduzirTag(</lf>) ->  [LF]
-- 15/05 12:11:27:907 - TraduzirTag(</lf>) ->  [LF]
-- 15/05 12:11:27:907 - TraduzirTag(</lf>) ->  [LF]
-- 15/05 12:11:27:907 - TraduzirTag(</lf>) ->  [LF]
-- 15/05 12:11:27:907 - TraduzirTag(</lf>) ->  [LF]
-- 15/05 12:11:27:907 - TraduzirTag(</lf>) ->  [LF]
-- 15/05 12:11:27:907 - TraduzirTag(</lf>) ->  [LF]
-- 15/05 12:11:27:907 - TraduzirTag(</lf>) ->  [LF]
-- 15/05 12:11:27:907 - TraduzirTag(</lf>) ->  [LF]
-- 15/05 12:11:27:907 - TraduzirTag(</lf>) ->  [LF]
-- 15/05 12:11:27:907 - TraduzirTag(</lf>) ->  [LF]
-- 15/05 12:11:27:907 - TraduzirTag(</lf>) ->  [LF]
-- 15/05 12:11:27:907 - TraduzirTag(</lf>) ->  [LF]
-- 15/05 12:11:27:907 - TraduzirTag(</lf>) ->  [LF]
-- 15/05 12:11:27:907 - TraduzirTag(</corte_parcial>) ->  [LF] [LF] [LF][GS]V[SOH]
-- 15/05 12:11:27:907 - TraduzirTag(</lf>) ->  [LF]
-- 15/05 12:11:27:907 - TraduzirTag(</lf>) ->  [LF]
-- 15/05 12:11:27:907 - TraduzirTag(</lf>) ->  [LF]
-- 15/05 12:11:27:907 - TraduzirTag(</lf>) ->  [LF]
-- 15/05 12:11:27:920 - TraduzirTag(</lf>) ->  [LF]
-- 15/05 12:11:27:920 - TraduzirTag(</lf>) ->  [LF]
-- 15/05 12:11:27:920 - TraduzirTag(</lf>) ->  [LF]
-- 15/05 12:11:27:920 - TraduzirTag(</lf>) ->  [LF]
-- 15/05 12:11:27:920 - TraduzirTag(</lf>) ->  [LF]
-- 15/05 12:11:27:920 - TraduzirTag(</lf>) ->  [LF]
-- 15/05 12:11:27:920 - TraduzirTag(</lf>) ->  [LF]
-- 15/05 12:11:27:920 - TraduzirTag(</lf>) ->  [LF]
-- 15/05 12:11:27:920 - TraduzirTag(</lf>) ->  [LF]
-- 15/05 12:11:27:920 - TraduzirTag(</lf>) ->  [LF]
-- 15/05 12:11:27:920 - TraduzirTag(</lf>) ->  [LF]
-- 15/05 12:11:27:920 - TraduzirTag(</lf>) ->  [LF]
-- 15/05 12:11:27:920 - TraduzirTag(</lf>) ->  [LF]
-- 15/05 12:11:27:920 - TraduzirTag(</lf>) ->  [LF]
-- 15/05 12:11:27:920 - TraduzirTag(</lf>) ->  [LF]
-- 15/05 12:11:27:920 - TraduzirTag(</lf>) ->  [LF]
-- 15/05 12:11:27:920 - TraduzirTag(</lf>) ->  [LF]
-- 15/05 12:11:27:920 - TraduzirTag(</lf>) ->  [LF]
-- 15/05 12:11:27:920 - TraduzirTag(</lf>) ->  [LF]
-- 15/05 12:11:27:920 - TraduzirTag(</lf>) ->  [LF]
-- 15/05 12:11:27:920 - TraduzirTag(</lf>) ->  [LF]
-- 15/05 12:11:27:920 - TraduzirTag(</lf>) ->  [LF]
-- 15/05 12:11:27:920 - TraduzirTag(</lf>) ->  [LF]
-- 15/05 12:11:27:920 - TraduzirTag(</lf>) ->  [LF]
-- 15/05 12:11:27:920 - TraduzirTag(</lf>) ->  [LF]
-- 15/05 12:11:27:920 - TraduzirTag(</lf>) ->  [LF]
-- 15/05 12:11:27:920 - TraduzirTag(</corte_total>) ->  [LF] [LF] [LF][GS]V[NUL]
-- 15/05 12:11:27:920 - EnviarStringDevice([ESC]@[ESC]2[ESC]t[STX][ESC]a[NUL]=== VIA CLIENTE === [LF]---------------------------------------------- [LF]     ACBr CliSiTef - Demo (estudo) [LF]---------------------------------------------- [LF]15/05/2026 12:11   Cupom: 665047 [LF]---------------------------------------------- [LF].....S.O.F.T.W.A.R.E.E.X.P.R.E.S.S.... [LF]SI                              Rede 5 [LF]MU               Codigo transacao: 200 [LF]LA               Codigo operacao: 3000 [LF]DO                         Valor: 1,00 [LF].....S...I...M...U...L...A...D...O.... [LF]SI                   NSU SiTef: 150034 [LF]MU                      15/05/26 12:11 [LF]LA                    ID PDV: IP000001 [LF]DO             Estab.: 000000000000005 [LF].....S...I...M...U...L...A...D...O.... [LF]SI                     Host: 999150034 [LF]MU         Transacao Simulada Aprovada [LF]LA        TAG AID 0x84: A0000000041010 [LF]DO      TAG AID 0x9F06: A0000000041010 [LF].....S...I...M...U...L...A...D...O.... [LF]SI                 SALDO DISP.    0,02 [LF]          SiTef from Fiserv [LF]---------------------------------------------- [LF]Caixa: 000001 [LF]---------------------------------------------- [LF] [LF] [LF] [LF] [LF] [LF][GS]V[SOH] [LF] [LF]=== VIA ESTABELECIMENTO === [LF]---------------------------------------------- [LF]     ACBr CliSiTef - Demo (estudo) [LF]---------------------------------------------- [LF]15/05/2026 12:11   Cupom: 665047 [LF]---------------------------------------------- [LF].....S.O.F.T.W.A.R.E.E.X.P.R.E.S.S.... [LF]SI                              Rede 5 [LF]MU               Codigo transacao: 200 [LF]LA               Codigo operacao: 3000 [LF]DO                         Valor: 1,00 [LF].....S...I...M...U...L...A...D...O.... [LF]SI                   NSU SiTef: 150034 [LF]MU                      15/05/26 12:11 [LF]LA                    ID PDV: IP000001 [LF]DO             Estab.: 000000000000005 [LF].....S...I...M...U...L...A...D...O.... [LF]SI                     Host: 999150034 [LF]MU         Transacao Simulada Aprovada [LF]LA        TAG AID 0x84: A0000000041010 [LF]DO      TAG AID 0x9F06: A0000000041010 [LF].....S...I...M...U...L...A...D...O.... [LF]          SiTef from Fiserv [LF]---------------------------------------------- [LF]Caixa: 000001 [LF]---------------------------------------------- [LF] [LF] [LF] [LF] [LF] [LF][GS]V[NUL])
-- 15/05 12:12:15:033 - Imprimir, Copias:1, DecodificarTags:SIM, TraduzirTags:SIM
-- 15/05 12:12:15:033 - </zera></ae>=== VIA CLIENTE ===</lf>----------------------------------------------</lf>     ACBr CliSiTef - Demo (estudo)</lf>----------------------------------------------</lf>15/05/2026 12:12   Cupom: 711573</lf>----------------------------------------------</lf>.....S.O.F.T.W.A.R.E.E.X.P.R.E.S.S....</lf>SI                              Rede 5</lf>MU               Codigo transacao: 200</lf>LA               Codigo operacao: 2000</lf>DO                         Valor: 1,00</lf>.....S...I...M...U...L...A...D...O....</lf>SI                   NSU SiTef: 150035</lf>MU                      15/05/26 12:12</lf>LA                    ID PDV: IP000001</lf>DO             Estab.: 000000000000005</lf>.....S...I...M...U...L...A...D...O....</lf>SI                     Host: 999150035</lf>MU         Transacao Simulada Aprovada</lf>LA        TAG AID 0x84: A0000000043060</lf>DO      TAG AID 0x9F06: A0000000043060</lf>.....S...I...M...U...L...A...D...O....</lf>SI                 SALDO DISP.    0,02</lf>          SiTef from Fiserv</lf>----------------------------------------------</lf>Caixa: 000001</lf>----------------------------------------------</lf></lf></lf></corte_parcial></lf></lf>=== VIA ESTABELECIMENTO ===</lf>----------------------------------------------</lf>     ACBr CliSiTef - Demo (estudo)</lf>----------------------------------------------</lf>15/05/2026 12:12   Cupom: 711573</lf>----------------------------------------------</lf>.....S.O.F.T.W.A.R.E.E.X.P.R.E.S.S....</lf>SI                              Rede 5</lf>MU               Codigo transacao: 200</lf>LA               Codigo operacao: 2000</lf>DO                         Valor: 1,00</lf>.....S...I...M...U...L...A...D...O....</lf>SI                   NSU SiTef: 150035</lf>MU                      15/05/26 12:12</lf>LA                    ID PDV: IP000001</lf>DO             Estab.: 000000000000005</lf>.....S...I...M...U...L...A...D...O....</lf>SI                     Host: 999150035</lf>MU         Transacao Simulada Aprovada</lf>LA        TAG AID 0x84: A0000000043060</lf>DO      TAG AID 0x9F06: A0000000043060</lf>.....S...I...M...U...L...A...D...O....</lf>          SiTef from Fiserv</lf>----------------------------------------------</lf>Caixa: 000001</lf>----------------------------------------------</lf></lf></lf></corte_total>
-- 15/05 12:12:15:033 - TraduzirTag(</zera>) -> [ESC]@[ESC]2[ESC]t[STX]
-- 15/05 12:12:15:033 - TraduzirTag(</ae>) -> [ESC]a[NUL]
-- 15/05 12:12:15:033 - TraduzirTag(</lf>) ->  [LF]
-- 15/05 12:12:15:033 - TraduzirTag(</lf>) ->  [LF]
-- 15/05 12:12:15:033 - TraduzirTag(</lf>) ->  [LF]
-- 15/05 12:12:15:033 - TraduzirTag(</lf>) ->  [LF]
-- 15/05 12:12:15:033 - TraduzirTag(</lf>) ->  [LF]
-- 15/05 12:12:15:033 - TraduzirTag(</lf>) ->  [LF]
-- 15/05 12:12:15:033 - TraduzirTag(</lf>) ->  [LF]
-- 15/05 12:12:15:033 - TraduzirTag(</lf>) ->  [LF]
-- 15/05 12:12:15:033 - TraduzirTag(</lf>) ->  [LF]
-- 15/05 12:12:15:033 - TraduzirTag(</lf>) ->  [LF]
-- 15/05 12:12:15:033 - TraduzirTag(</lf>) ->  [LF]
-- 15/05 12:12:15:033 - TraduzirTag(</lf>) ->  [LF]
-- 15/05 12:12:15:033 - TraduzirTag(</lf>) ->  [LF]
-- 15/05 12:12:15:033 - TraduzirTag(</lf>) ->  [LF]
-- 15/05 12:12:15:033 - TraduzirTag(</lf>) ->  [LF]
-- 15/05 12:12:15:033 - TraduzirTag(</lf>) ->  [LF]
-- 15/05 12:12:15:033 - TraduzirTag(</lf>) ->  [LF]
-- 15/05 12:12:15:033 - TraduzirTag(</lf>) ->  [LF]
-- 15/05 12:12:15:033 - TraduzirTag(</lf>) ->  [LF]
-- 15/05 12:12:15:033 - TraduzirTag(</lf>) ->  [LF]
-- 15/05 12:12:15:033 - TraduzirTag(</lf>) ->  [LF]
-- 15/05 12:12:15:033 - TraduzirTag(</lf>) ->  [LF]
-- 15/05 12:12:15:033 - TraduzirTag(</lf>) ->  [LF]
-- 15/05 12:12:15:049 - TraduzirTag(</lf>) ->  [LF]
-- 15/05 12:12:15:049 - TraduzirTag(</lf>) ->  [LF]
-- 15/05 12:12:15:049 - TraduzirTag(</lf>) ->  [LF]
-- 15/05 12:12:15:049 - TraduzirTag(</lf>) ->  [LF]
-- 15/05 12:12:15:049 - TraduzirTag(</lf>) ->  [LF]
-- 15/05 12:12:15:049 - TraduzirTag(</lf>) ->  [LF]
-- 15/05 12:12:15:049 - TraduzirTag(</corte_parcial>) ->  [LF] [LF] [LF][GS]V[SOH]
-- 15/05 12:12:15:049 - TraduzirTag(</lf>) ->  [LF]
-- 15/05 12:12:15:049 - TraduzirTag(</lf>) ->  [LF]
-- 15/05 12:12:15:049 - TraduzirTag(</lf>) ->  [LF]
-- 15/05 12:12:15:049 - TraduzirTag(</lf>) ->  [LF]
-- 15/05 12:12:15:049 - TraduzirTag(</lf>) ->  [LF]
-- 15/05 12:12:15:049 - TraduzirTag(</lf>) ->  [LF]
-- 15/05 12:12:15:049 - TraduzirTag(</lf>) ->  [LF]
-- 15/05 12:12:15:049 - TraduzirTag(</lf>) ->  [LF]
-- 15/05 12:12:15:049 - TraduzirTag(</lf>) ->  [LF]
-- 15/05 12:12:15:049 - TraduzirTag(</lf>) ->  [LF]
-- 15/05 12:12:15:049 - TraduzirTag(</lf>) ->  [LF]
-- 15/05 12:12:15:049 - TraduzirTag(</lf>) ->  [LF]
-- 15/05 12:12:15:049 - TraduzirTag(</lf>) ->  [LF]
-- 15/05 12:12:15:049 - TraduzirTag(</lf>) ->  [LF]
-- 15/05 12:12:15:049 - TraduzirTag(</lf>) ->  [LF]
-- 15/05 12:12:15:049 - TraduzirTag(</lf>) ->  [LF]
-- 15/05 12:12:15:049 - TraduzirTag(</lf>) ->  [LF]
-- 15/05 12:12:15:049 - TraduzirTag(</lf>) ->  [LF]
-- 15/05 12:12:15:049 - TraduzirTag(</lf>) ->  [LF]
-- 15/05 12:12:15:049 - TraduzirTag(</lf>) ->  [LF]
-- 15/05 12:12:15:049 - TraduzirTag(</lf>) ->  [LF]
-- 15/05 12:12:15:049 - TraduzirTag(</lf>) ->  [LF]
-- 15/05 12:12:15:049 - TraduzirTag(</lf>) ->  [LF]
-- 15/05 12:12:15:049 - TraduzirTag(</lf>) ->  [LF]
-- 15/05 12:12:15:065 - TraduzirTag(</lf>) ->  [LF]
-- 15/05 12:12:15:065 - TraduzirTag(</lf>) ->  [LF]
-- 15/05 12:12:15:065 - TraduzirTag(</lf>) ->  [LF]
-- 15/05 12:12:15:066 - TraduzirTag(</lf>) ->  [LF]
-- 15/05 12:12:15:066 - TraduzirTag(</lf>) ->  [LF]
-- 15/05 12:12:15:066 - TraduzirTag(</lf>) ->  [LF]
-- 15/05 12:12:15:066 - TraduzirTag(</corte_total>) ->  [LF] [LF] [LF][GS]V[NUL]
-- 15/05 12:12:15:066 - EnviarStringDevice([ESC]@[ESC]2[ESC]t[STX][ESC]a[NUL]=== VIA CLIENTE === [LF]---------------------------------------------- [LF]     ACBr CliSiTef - Demo (estudo) [LF]---------------------------------------------- [LF]15/05/2026 12:12   Cupom: 711573 [LF]---------------------------------------------- [LF].....S.O.F.T.W.A.R.E.E.X.P.R.E.S.S.... [LF]SI                              Rede 5 [LF]MU               Codigo transacao: 200 [LF]LA               Codigo operacao: 2000 [LF]DO                         Valor: 1,00 [LF].....S...I...M...U...L...A...D...O.... [LF]SI                   NSU SiTef: 150035 [LF]MU                      15/05/26 12:12 [LF]LA                    ID PDV: IP000001 [LF]DO             Estab.: 000000000000005 [LF].....S...I...M...U...L...A...D...O.... [LF]SI                     Host: 999150035 [LF]MU         Transacao Simulada Aprovada [LF]LA        TAG AID 0x84: A0000000043060 [LF]DO      TAG AID 0x9F06: A0000000043060 [LF].....S...I...M...U...L...A...D...O.... [LF]SI                 SALDO DISP.    0,02 [LF]          SiTef from Fiserv [LF]---------------------------------------------- [LF]Caixa: 000001 [LF]---------------------------------------------- [LF] [LF] [LF] [LF] [LF] [LF][GS]V[SOH] [LF] [LF]=== VIA ESTABELECIMENTO === [LF]---------------------------------------------- [LF]     ACBr CliSiTef - Demo (estudo) [LF]---------------------------------------------- [LF]15/05/2026 12:12   Cupom: 711573 [LF]---------------------------------------------- [LF].....S.O.F.T.W.A.R.E.E.X.P.R.E.S.S.... [LF]SI                              Rede 5 [LF]MU               Codigo transacao: 200 [LF]LA               Codigo operacao: 2000 [LF]DO                         Valor: 1,00 [LF].....S...I...M...U...L...A...D...O.... [LF]SI                   NSU SiTef: 150035 [LF]MU                      15/05/26 12:12 [LF]LA                    ID PDV: IP000001 [LF]DO             Estab.: 000000000000005 [LF].....S...I...M...U...L...A...D...O.... [LF]SI                     Host: 999150035 [LF]MU         Transacao Simulada Aprovada [LF]LA        TAG AID 0x84: A0000000043060 [LF]DO      TAG AID 0x9F06: A0000000043060 [LF].....S...I...M...U...L...A...D...O.... [LF]          SiTef from Fiserv [LF]---------------------------------------------- [LF]Caixa: 000001 [LF]---------------------------------------------- [LF] [LF] [LF] [LF] [LF] [LF][GS]V[NUL])
-- 15/05 12:12:19:182 - Imprimir, Copias:1, DecodificarTags:SIM, TraduzirTags:SIM
-- 15/05 12:12:19:182 - </zera></ae>=== VIA CLIENTE ===</lf>----------------------------------------------</lf>     ACBr CliSiTef - Demo (estudo)</lf>----------------------------------------------</lf>15/05/2026 12:12   Cupom: 711573</lf>----------------------------------------------</lf>.....S.O.F.T.W.A.R.E.E.X.P.R.E.S.S....</lf>SI                              Rede 5</lf>MU               Codigo transacao: 200</lf>LA               Codigo operacao: 2000</lf>DO                         Valor: 1,00</lf>.....S...I...M...U...L...A...D...O....</lf>SI                   NSU SiTef: 150035</lf>MU                      15/05/26 12:12</lf>LA                    ID PDV: IP000001</lf>DO             Estab.: 000000000000005</lf>.....S...I...M...U...L...A...D...O....</lf>SI                     Host: 999150035</lf>MU         Transacao Simulada Aprovada</lf>LA        TAG AID 0x84: A0000000043060</lf>DO      TAG AID 0x9F06: A0000000043060</lf>.....S...I...M...U...L...A...D...O....</lf>SI                 SALDO DISP.    0,02</lf>          SiTef from Fiserv</lf>----------------------------------------------</lf>Caixa: 000001</lf>----------------------------------------------</lf></lf></lf></corte_parcial></lf></lf>=== VIA ESTABELECIMENTO ===</lf>----------------------------------------------</lf>     ACBr CliSiTef - Demo (estudo)</lf>----------------------------------------------</lf>15/05/2026 12:12   Cupom: 711573</lf>----------------------------------------------</lf>.....S.O.F.T.W.A.R.E.E.X.P.R.E.S.S....</lf>SI                              Rede 5</lf>MU               Codigo transacao: 200</lf>LA               Codigo operacao: 2000</lf>DO                         Valor: 1,00</lf>.....S...I...M...U...L...A...D...O....</lf>SI                   NSU SiTef: 150035</lf>MU                      15/05/26 12:12</lf>LA                    ID PDV: IP000001</lf>DO             Estab.: 000000000000005</lf>.....S...I...M...U...L...A...D...O....</lf>SI                     Host: 999150035</lf>MU         Transacao Simulada Aprovada</lf>LA        TAG AID 0x84: A0000000043060</lf>DO      TAG AID 0x9F06: A0000000043060</lf>.....S...I...M...U...L...A...D...O....</lf>          SiTef from Fiserv</lf>----------------------------------------------</lf>Caixa: 000001</lf>----------------------------------------------</lf></lf></lf></corte_total>
-- 15/05 12:12:19:182 - TraduzirTag(</zera>) -> [ESC]@[ESC]2[ESC]t[STX]
-- 15/05 12:12:19:182 - TraduzirTag(</ae>) -> [ESC]a[NUL]
-- 15/05 12:12:19:182 - TraduzirTag(</lf>) ->  [LF]
-- 15/05 12:12:19:182 - TraduzirTag(</lf>) ->  [LF]
-- 15/05 12:12:19:182 - TraduzirTag(</lf>) ->  [LF]
-- 15/05 12:12:19:182 - TraduzirTag(</lf>) ->  [LF]
-- 15/05 12:12:19:182 - TraduzirTag(</lf>) ->  [LF]
-- 15/05 12:12:19:182 - TraduzirTag(</lf>) ->  [LF]
-- 15/05 12:12:19:182 - TraduzirTag(</lf>) ->  [LF]
-- 15/05 12:12:19:182 - TraduzirTag(</lf>) ->  [LF]
-- 15/05 12:12:19:182 - TraduzirTag(</lf>) ->  [LF]
-- 15/05 12:12:19:182 - TraduzirTag(</lf>) ->  [LF]
-- 15/05 12:12:19:182 - TraduzirTag(</lf>) ->  [LF]
-- 15/05 12:12:19:182 - TraduzirTag(</lf>) ->  [LF]
-- 15/05 12:12:19:182 - TraduzirTag(</lf>) ->  [LF]
-- 15/05 12:12:19:182 - TraduzirTag(</lf>) ->  [LF]
-- 15/05 12:12:19:182 - TraduzirTag(</lf>) ->  [LF]
-- 15/05 12:12:19:182 - TraduzirTag(</lf>) ->  [LF]
-- 15/05 12:12:19:182 - TraduzirTag(</lf>) ->  [LF]
-- 15/05 12:12:19:182 - TraduzirTag(</lf>) ->  [LF]
-- 15/05 12:12:19:182 - TraduzirTag(</lf>) ->  [LF]
-- 15/05 12:12:19:182 - TraduzirTag(</lf>) ->  [LF]
-- 15/05 12:12:19:182 - TraduzirTag(</lf>) ->  [LF]
-- 15/05 12:12:19:182 - TraduzirTag(</lf>) ->  [LF]
-- 15/05 12:12:19:182 - TraduzirTag(</lf>) ->  [LF]
-- 15/05 12:12:19:182 - TraduzirTag(</lf>) ->  [LF]
-- 15/05 12:12:19:182 - TraduzirTag(</lf>) ->  [LF]
-- 15/05 12:12:19:198 - TraduzirTag(</lf>) ->  [LF]
-- 15/05 12:12:19:198 - TraduzirTag(</lf>) ->  [LF]
-- 15/05 12:12:19:198 - TraduzirTag(</lf>) ->  [LF]
-- 15/05 12:12:19:198 - TraduzirTag(</lf>) ->  [LF]
-- 15/05 12:12:19:198 - TraduzirTag(</corte_parcial>) ->  [LF] [LF] [LF][GS]V[SOH]
-- 15/05 12:12:19:198 - TraduzirTag(</lf>) ->  [LF]
-- 15/05 12:12:19:198 - TraduzirTag(</lf>) ->  [LF]
-- 15/05 12:12:19:198 - TraduzirTag(</lf>) ->  [LF]
-- 15/05 12:12:19:198 - TraduzirTag(</lf>) ->  [LF]
-- 15/05 12:12:19:198 - TraduzirTag(</lf>) ->  [LF]
-- 15/05 12:12:19:198 - TraduzirTag(</lf>) ->  [LF]
-- 15/05 12:12:19:198 - TraduzirTag(</lf>) ->  [LF]
-- 15/05 12:12:19:198 - TraduzirTag(</lf>) ->  [LF]
-- 15/05 12:12:19:198 - TraduzirTag(</lf>) ->  [LF]
-- 15/05 12:12:19:198 - TraduzirTag(</lf>) ->  [LF]
-- 15/05 12:12:19:198 - TraduzirTag(</lf>) ->  [LF]
-- 15/05 12:12:19:198 - TraduzirTag(</lf>) ->  [LF]
-- 15/05 12:12:19:198 - TraduzirTag(</lf>) ->  [LF]
-- 15/05 12:12:19:198 - TraduzirTag(</lf>) ->  [LF]
-- 15/05 12:12:19:198 - TraduzirTag(</lf>) ->  [LF]
-- 15/05 12:12:19:198 - TraduzirTag(</lf>) ->  [LF]
-- 15/05 12:12:19:198 - TraduzirTag(</lf>) ->  [LF]
-- 15/05 12:12:19:198 - TraduzirTag(</lf>) ->  [LF]
-- 15/05 12:12:19:198 - TraduzirTag(</lf>) ->  [LF]
-- 15/05 12:12:19:198 - TraduzirTag(</lf>) ->  [LF]
-- 15/05 12:12:19:198 - TraduzirTag(</lf>) ->  [LF]
-- 15/05 12:12:19:198 - TraduzirTag(</lf>) ->  [LF]
-- 15/05 12:12:19:198 - TraduzirTag(</lf>) ->  [LF]
-- 15/05 12:12:19:198 - TraduzirTag(</lf>) ->  [LF]
-- 15/05 12:12:19:198 - TraduzirTag(</lf>) ->  [LF]
-- 15/05 12:12:19:198 - TraduzirTag(</lf>) ->  [LF]
-- 15/05 12:12:19:198 - TraduzirTag(</lf>) ->  [LF]
-- 15/05 12:12:19:214 - TraduzirTag(</lf>) ->  [LF]
-- 15/05 12:12:19:214 - TraduzirTag(</lf>) ->  [LF]
-- 15/05 12:12:19:214 - TraduzirTag(</lf>) ->  [LF]
-- 15/05 12:12:19:214 - TraduzirTag(</corte_total>) ->  [LF] [LF] [LF][GS]V[NUL]
-- 15/05 12:12:19:214 - EnviarStringDevice([ESC]@[ESC]2[ESC]t[STX][ESC]a[NUL]=== VIA CLIENTE === [LF]---------------------------------------------- [LF]     ACBr CliSiTef - Demo (estudo) [LF]---------------------------------------------- [LF]15/05/2026 12:12   Cupom: 711573 [LF]---------------------------------------------- [LF].....S.O.F.T.W.A.R.E.E.X.P.R.E.S.S.... [LF]SI                              Rede 5 [LF]MU               Codigo transacao: 200 [LF]LA               Codigo operacao: 2000 [LF]DO                         Valor: 1,00 [LF].....S...I...M...U...L...A...D...O.... [LF]SI                   NSU SiTef: 150035 [LF]MU                      15/05/26 12:12 [LF]LA                    ID PDV: IP000001 [LF]DO             Estab.: 000000000000005 [LF].....S...I...M...U...L...A...D...O.... [LF]SI                     Host: 999150035 [LF]MU         Transacao Simulada Aprovada [LF]LA        TAG AID 0x84: A0000000043060 [LF]DO      TAG AID 0x9F06: A0000000043060 [LF].....S...I...M...U...L...A...D...O.... [LF]SI                 SALDO DISP.    0,02 [LF]          SiTef from Fiserv [LF]---------------------------------------------- [LF]Caixa: 000001 [LF]---------------------------------------------- [LF] [LF] [LF] [LF] [LF] [LF][GS]V[SOH] [LF] [LF]=== VIA ESTABELECIMENTO === [LF]---------------------------------------------- [LF]     ACBr CliSiTef - Demo (estudo) [LF]---------------------------------------------- [LF]15/05/2026 12:12   Cupom: 711573 [LF]---------------------------------------------- [LF].....S.O.F.T.W.A.R.E.E.X.P.R.E.S.S.... [LF]SI                              Rede 5 [LF]MU               Codigo transacao: 200 [LF]LA               Codigo operacao: 2000 [LF]DO                         Valor: 1,00 [LF].....S...I...M...U...L...A...D...O.... [LF]SI                   NSU SiTef: 150035 [LF]MU                      15/05/26 12:12 [LF]LA                    ID PDV: IP000001 [LF]DO             Estab.: 000000000000005 [LF].....S...I...M...U...L...A...D...O.... [LF]SI                     Host: 999150035 [LF]MU         Transacao Simulada Aprovada [LF]LA        TAG AID 0x84: A0000000043060 [LF]DO      TAG AID 0x9F06: A0000000043060 [LF].....S...I...M...U...L...A...D...O.... [LF]          SiTef from Fiserv [LF]---------------------------------------------- [LF]Caixa: 000001 [LF]---------------------------------------------- [LF] [LF] [LF] [LF] [LF] [LF][GS]V[NUL])
-- 15/05 12:12:22:760 - Imprimir, Copias:1, DecodificarTags:SIM, TraduzirTags:SIM
-- 15/05 12:12:22:760 - </zera></ae>=== VIA CLIENTE ===</lf>----------------------------------------------</lf>     ACBr CliSiTef - Demo (estudo)</lf>----------------------------------------------</lf>15/05/2026 12:12   Cupom: 711573</lf>----------------------------------------------</lf>.....S.O.F.T.W.A.R.E.E.X.P.R.E.S.S....</lf>SI                              Rede 5</lf>MU               Codigo transacao: 200</lf>LA               Codigo operacao: 2000</lf>DO                         Valor: 1,00</lf>.....S...I...M...U...L...A...D...O....</lf>SI                   NSU SiTef: 150035</lf>MU                      15/05/26 12:12</lf>LA                    ID PDV: IP000001</lf>DO             Estab.: 000000000000005</lf>.....S...I...M...U...L...A...D...O....</lf>SI                     Host: 999150035</lf>MU         Transacao Simulada Aprovada</lf>LA        TAG AID 0x84: A0000000043060</lf>DO      TAG AID 0x9F06: A0000000043060</lf>.....S...I...M...U...L...A...D...O....</lf>SI                 SALDO DISP.    0,02</lf>          SiTef from Fiserv</lf>----------------------------------------------</lf>Caixa: 000001</lf>----------------------------------------------</lf></lf></lf></corte_parcial></lf></lf>=== VIA ESTABELECIMENTO ===</lf>----------------------------------------------</lf>     ACBr CliSiTef - Demo (estudo)</lf>----------------------------------------------</lf>15/05/2026 12:12   Cupom: 711573</lf>----------------------------------------------</lf>.....S.O.F.T.W.A.R.E.E.X.P.R.E.S.S....</lf>SI                              Rede 5</lf>MU               Codigo transacao: 200</lf>LA               Codigo operacao: 2000</lf>DO                         Valor: 1,00</lf>.....S...I...M...U...L...A...D...O....</lf>SI                   NSU SiTef: 150035</lf>MU                      15/05/26 12:12</lf>LA                    ID PDV: IP000001</lf>DO             Estab.: 000000000000005</lf>.....S...I...M...U...L...A...D...O....</lf>SI                     Host: 999150035</lf>MU         Transacao Simulada Aprovada</lf>LA        TAG AID 0x84: A0000000043060</lf>DO      TAG AID 0x9F06: A0000000043060</lf>.....S...I...M...U...L...A...D...O....</lf>          SiTef from Fiserv</lf>----------------------------------------------</lf>Caixa: 000001</lf>----------------------------------------------</lf></lf></lf></corte_total>
-- 15/05 12:12:22:760 - TraduzirTag(</zera>) -> [ESC]@[ESC]2[ESC]t[STX]
-- 15/05 12:12:22:760 - TraduzirTag(</ae>) -> [ESC]a[NUL]
-- 15/05 12:12:22:760 - TraduzirTag(</lf>) ->  [LF]
-- 15/05 12:12:22:760 - TraduzirTag(</lf>) ->  [LF]
-- 15/05 12:12:22:760 - TraduzirTag(</lf>) ->  [LF]
-- 15/05 12:12:22:760 - TraduzirTag(</lf>) ->  [LF]
-- 15/05 12:12:22:760 - TraduzirTag(</lf>) ->  [LF]
-- 15/05 12:12:22:760 - TraduzirTag(</lf>) ->  [LF]
-- 15/05 12:12:22:760 - TraduzirTag(</lf>) ->  [LF]
-- 15/05 12:12:22:760 - TraduzirTag(</lf>) ->  [LF]
-- 15/05 12:12:22:760 - TraduzirTag(</lf>) ->  [LF]
-- 15/05 12:12:22:760 - TraduzirTag(</lf>) ->  [LF]
-- 15/05 12:12:22:760 - TraduzirTag(</lf>) ->  [LF]
-- 15/05 12:12:22:760 - TraduzirTag(</lf>) ->  [LF]
-- 15/05 12:12:22:760 - TraduzirTag(</lf>) ->  [LF]
-- 15/05 12:12:22:760 - TraduzirTag(</lf>) ->  [LF]
-- 15/05 12:12:22:760 - TraduzirTag(</lf>) ->  [LF]
-- 15/05 12:12:22:760 - TraduzirTag(</lf>) ->  [LF]
-- 15/05 12:12:22:760 - TraduzirTag(</lf>) ->  [LF]
-- 15/05 12:12:22:760 - TraduzirTag(</lf>) ->  [LF]
-- 15/05 12:12:22:760 - TraduzirTag(</lf>) ->  [LF]
-- 15/05 12:12:22:760 - TraduzirTag(</lf>) ->  [LF]
-- 15/05 12:12:22:760 - TraduzirTag(</lf>) ->  [LF]
-- 15/05 12:12:22:760 - TraduzirTag(</lf>) ->  [LF]
-- 15/05 12:12:22:760 - TraduzirTag(</lf>) ->  [LF]
-- 15/05 12:12:22:760 - TraduzirTag(</lf>) ->  [LF]
-- 15/05 12:12:22:760 - TraduzirTag(</lf>) ->  [LF]
-- 15/05 12:12:22:760 - TraduzirTag(</lf>) ->  [LF]
-- 15/05 12:12:22:760 - TraduzirTag(</lf>) ->  [LF]
-- 15/05 12:12:22:760 - TraduzirTag(</lf>) ->  [LF]
-- 15/05 12:12:22:776 - TraduzirTag(</lf>) ->  [LF]
-- 15/05 12:12:22:776 - TraduzirTag(</corte_parcial>) ->  [LF] [LF] [LF][GS]V[SOH]
-- 15/05 12:12:22:776 - TraduzirTag(</lf>) ->  [LF]
-- 15/05 12:12:22:776 - TraduzirTag(</lf>) ->  [LF]
-- 15/05 12:12:22:776 - TraduzirTag(</lf>) ->  [LF]
-- 15/05 12:12:22:776 - TraduzirTag(</lf>) ->  [LF]
-- 15/05 12:12:22:776 - TraduzirTag(</lf>) ->  [LF]
-- 15/05 12:12:22:776 - TraduzirTag(</lf>) ->  [LF]
-- 15/05 12:12:22:776 - TraduzirTag(</lf>) ->  [LF]
-- 15/05 12:12:22:781 - TraduzirTag(</lf>) ->  [LF]
-- 15/05 12:12:22:781 - TraduzirTag(</lf>) ->  [LF]
-- 15/05 12:12:22:781 - TraduzirTag(</lf>) ->  [LF]
-- 15/05 12:12:22:781 - TraduzirTag(</lf>) ->  [LF]
-- 15/05 12:12:22:781 - TraduzirTag(</lf>) ->  [LF]
-- 15/05 12:12:22:781 - TraduzirTag(</lf>) ->  [LF]
-- 15/05 12:12:22:781 - TraduzirTag(</lf>) ->  [LF]
-- 15/05 12:12:22:781 - TraduzirTag(</lf>) ->  [LF]
-- 15/05 12:12:22:781 - TraduzirTag(</lf>) ->  [LF]
-- 15/05 12:12:22:781 - TraduzirTag(</lf>) ->  [LF]
-- 15/05 12:12:22:781 - TraduzirTag(</lf>) ->  [LF]
-- 15/05 12:12:22:781 - TraduzirTag(</lf>) ->  [LF]
-- 15/05 12:12:22:781 - TraduzirTag(</lf>) ->  [LF]
-- 15/05 12:12:22:781 - TraduzirTag(</lf>) ->  [LF]
-- 15/05 12:12:22:781 - TraduzirTag(</lf>) ->  [LF]
-- 15/05 12:12:22:781 - TraduzirTag(</lf>) ->  [LF]
-- 15/05 12:12:22:781 - TraduzirTag(</lf>) ->  [LF]
-- 15/05 12:12:22:781 - TraduzirTag(</lf>) ->  [LF]
-- 15/05 12:12:22:781 - TraduzirTag(</lf>) ->  [LF]
-- 15/05 12:12:22:781 - TraduzirTag(</lf>) ->  [LF]
-- 15/05 12:12:22:781 - TraduzirTag(</lf>) ->  [LF]
-- 15/05 12:12:22:781 - TraduzirTag(</lf>) ->  [LF]
-- 15/05 12:12:22:792 - TraduzirTag(</lf>) ->  [LF]
-- 15/05 12:12:22:792 - TraduzirTag(</corte_total>) ->  [LF] [LF] [LF][GS]V[NUL]
-- 15/05 12:12:22:792 - EnviarStringDevice([ESC]@[ESC]2[ESC]t[STX][ESC]a[NUL]=== VIA CLIENTE === [LF]---------------------------------------------- [LF]     ACBr CliSiTef - Demo (estudo) [LF]---------------------------------------------- [LF]15/05/2026 12:12   Cupom: 711573 [LF]---------------------------------------------- [LF].....S.O.F.T.W.A.R.E.E.X.P.R.E.S.S.... [LF]SI                              Rede 5 [LF]MU               Codigo transacao: 200 [LF]LA               Codigo operacao: 2000 [LF]DO                         Valor: 1,00 [LF].....S...I...M...U...L...A...D...O.... [LF]SI                   NSU SiTef: 150035 [LF]MU                      15/05/26 12:12 [LF]LA                    ID PDV: IP000001 [LF]DO             Estab.: 000000000000005 [LF].....S...I...M...U...L...A...D...O.... [LF]SI                     Host: 999150035 [LF]MU         Transacao Simulada Aprovada [LF]LA        TAG AID 0x84: A0000000043060 [LF]DO      TAG AID 0x9F06: A0000000043060 [LF].....S...I...M...U...L...A...D...O.... [LF]SI                 SALDO DISP.    0,02 [LF]          SiTef from Fiserv [LF]---------------------------------------------- [LF]Caixa: 000001 [LF]---------------------------------------------- [LF] [LF] [LF] [LF] [LF] [LF][GS]V[SOH] [LF] [LF]=== VIA ESTABELECIMENTO === [LF]---------------------------------------------- [LF]     ACBr CliSiTef - Demo (estudo) [LF]---------------------------------------------- [LF]15/05/2026 12:12   Cupom: 711573 [LF]---------------------------------------------- [LF].....S.O.F.T.W.A.R.E.E.X.P.R.E.S.S.... [LF]SI                              Rede 5 [LF]MU               Codigo transacao: 200 [LF]LA               Codigo operacao: 2000 [LF]DO                         Valor: 1,00 [LF].....S...I...M...U...L...A...D...O.... [LF]SI                   NSU SiTef: 150035 [LF]MU                      15/05/26 12:12 [LF]LA                    ID PDV: IP000001 [LF]DO             Estab.: 000000000000005 [LF].....S...I...M...U...L...A...D...O.... [LF]SI                     Host: 999150035 [LF]MU         Transacao Simulada Aprovada [LF]LA        TAG AID 0x84: A0000000043060 [LF]DO      TAG AID 0x9F06: A0000000043060 [LF].....S...I...M...U...L...A...D...O.... [LF]          SiTef from Fiserv [LF]---------------------------------------------- [LF]Caixa: 000001 [LF]---------------------------------------------- [LF] [LF] [LF] [LF] [LF] [LF][GS]V[NUL])
-- 15/05 12:15:39:457 - SetModelo(ppEscPosEpson)
-- 15/05 12:18:00:923 - SetModelo(ppEscPosEpson)

--------------------------------------------------------------------------------
ATIVAR - 15/05/26 12:18:00:973
  - Modelo.: EscPosEpson
  - TimeOut: 3000 milissegundos
  - Porta..: RAW:ELGIN i9(USB)
  - Tipo...: RawPrinter
--------------------------------------------------------------------------------

-- 15/05 12:18:01:023 - Imprimir, Copias:1, DecodificarTags:SIM, TraduzirTags:SIM
-- 15/05 12:18:01:023 - </zera></ae>=== VIA CLIENTE ===</lf>----------------------------------------------</lf>     ACBr CliSiTef - Demo (estudo)</lf>----------------------------------------------</lf>15/05/2026 12:17   Cupom: 112055</lf>----------------------------------------------</lf>X SIMULACAO</lf>X 000000000000000</lf>C 1a VIA - CLIENTE</lf>X</lf>X DOCUMENTO = 000005150036</lf>          SiTef from Fiserv</lf>----------------------------------------------</lf>Caixa: 000001</lf>----------------------------------------------</lf></lf></lf></corte_parcial></lf></lf>=== VIA ESTABELECIMENTO ===</lf>----------------------------------------------</lf>     ACBr CliSiTef - Demo (estudo)</lf>----------------------------------------------</lf>15/05/2026 12:17   Cupom: 112055</lf>----------------------------------------------</lf>X SIMULACAO</lf>X 000000000000000</lf>E 2a VIA - ESTABELECIMENTO</lf>X</lf>X DOCUMENTO = 000005150036</lf>          SiTef from Fiserv</lf>----------------------------------------------</lf>Caixa: 000001</lf>----------------------------------------------</lf></lf></lf></corte_total>
-- 15/05 12:18:01:023 - TraduzirTag(</zera>) -> [ESC]@[ESC]2[ESC]t[STX]
-- 15/05 12:18:01:023 - TraduzirTag(</ae>) -> [ESC]a[NUL]
-- 15/05 12:18:01:023 - TraduzirTag(</lf>) ->  [LF]
-- 15/05 12:18:01:023 - TraduzirTag(</lf>) ->  [LF]
-- 15/05 12:18:01:023 - TraduzirTag(</lf>) ->  [LF]
-- 15/05 12:18:01:023 - TraduzirTag(</lf>) ->  [LF]
-- 15/05 12:18:01:023 - TraduzirTag(</lf>) ->  [LF]
-- 15/05 12:18:01:023 - TraduzirTag(</lf>) ->  [LF]
-- 15/05 12:18:01:023 - TraduzirTag(</lf>) ->  [LF]
-- 15/05 12:18:01:023 - TraduzirTag(</lf>) ->  [LF]
-- 15/05 12:18:01:023 - TraduzirTag(</lf>) ->  [LF]
-- 15/05 12:18:01:023 - TraduzirTag(</lf>) ->  [LF]
-- 15/05 12:18:01:023 - TraduzirTag(</lf>) ->  [LF]
-- 15/05 12:18:01:023 - TraduzirTag(</lf>) ->  [LF]
-- 15/05 12:18:01:023 - TraduzirTag(</lf>) ->  [LF]
-- 15/05 12:18:01:023 - TraduzirTag(</lf>) ->  [LF]
-- 15/05 12:18:01:023 - TraduzirTag(</lf>) ->  [LF]
-- 15/05 12:18:01:023 - TraduzirTag(</lf>) ->  [LF]
-- 15/05 12:18:01:023 - TraduzirTag(</lf>) ->  [LF]
-- 15/05 12:18:01:023 - TraduzirTag(</corte_parcial>) ->  [LF] [LF] [LF][GS]V[SOH]
-- 15/05 12:18:01:023 - TraduzirTag(</lf>) ->  [LF]
-- 15/05 12:18:01:023 - TraduzirTag(</lf>) ->  [LF]
-- 15/05 12:18:01:023 - TraduzirTag(</lf>) ->  [LF]
-- 15/05 12:18:01:023 - TraduzirTag(</lf>) ->  [LF]
-- 15/05 12:18:01:023 - TraduzirTag(</lf>) ->  [LF]
-- 15/05 12:18:01:023 - TraduzirTag(</lf>) ->  [LF]
-- 15/05 12:18:01:023 - TraduzirTag(</lf>) ->  [LF]
-- 15/05 12:18:01:023 - TraduzirTag(</lf>) ->  [LF]
-- 15/05 12:18:01:038 - TraduzirTag(</lf>) ->  [LF]
-- 15/05 12:18:01:039 - TraduzirTag(</lf>) ->  [LF]
-- 15/05 12:18:01:039 - TraduzirTag(</lf>) ->  [LF]
-- 15/05 12:18:01:039 - TraduzirTag(</lf>) ->  [LF]
-- 15/05 12:18:01:039 - TraduzirTag(</lf>) ->  [LF]
-- 15/05 12:18:01:039 - TraduzirTag(</lf>) ->  [LF]
-- 15/05 12:18:01:039 - TraduzirTag(</lf>) ->  [LF]
-- 15/05 12:18:01:039 - TraduzirTag(</lf>) ->  [LF]
-- 15/05 12:18:01:039 - TraduzirTag(</lf>) ->  [LF]
-- 15/05 12:18:01:039 - TraduzirTag(</lf>) ->  [LF]
-- 15/05 12:18:01:039 - TraduzirTag(</lf>) ->  [LF]
-- 15/05 12:18:01:039 - TraduzirTag(</corte_total>) ->  [LF] [LF] [LF][GS]V[NUL]
-- 15/05 12:18:01:039 - EnviarStringDevice([ESC]@[ESC]2[ESC]t[STX][ESC]a[NUL]=== VIA CLIENTE === [LF]---------------------------------------------- [LF]     ACBr CliSiTef - Demo (estudo) [LF]---------------------------------------------- [LF]15/05/2026 12:17   Cupom: 112055 [LF]---------------------------------------------- [LF]X SIMULACAO [LF]X 000000000000000 [LF]C 1a VIA - CLIENTE [LF]X [LF]X DOCUMENTO = 000005150036 [LF]          SiTef from Fiserv [LF]---------------------------------------------- [LF]Caixa: 000001 [LF]---------------------------------------------- [LF] [LF] [LF] [LF] [LF] [LF][GS]V[SOH] [LF] [LF]=== VIA ESTABELECIMENTO === [LF]---------------------------------------------- [LF]     ACBr CliSiTef - Demo (estudo) [LF]---------------------------------------------- [LF]15/05/2026 12:17   Cupom: 112055 [LF]---------------------------------------------- [LF]X SIMULACAO [LF]X 000000000000000 [LF]E 2a VIA - ESTABELECIMENTO [LF]X [LF]X DOCUMENTO = 000005150036 [LF]          SiTef from Fiserv [LF]---------------------------------------------- [LF]Caixa: 000001 [LF]---------------------------------------------- [LF] [LF] [LF] [LF] [LF] [LF][GS]V[NUL])
-- 15/05 12:23:04:844 - SetModelo(ppEscPosEpson)

--------------------------------------------------------------------------------
ATIVAR - 15/05/26 12:23:04:894
  - Modelo.: EscPosEpson
  - TimeOut: 3000 milissegundos
  - Porta..: RAW:ELGIN i9(USB)
  - Tipo...: RawPrinter
--------------------------------------------------------------------------------

-- 15/05 12:23:05:027 - Imprimir, Copias:1, DecodificarTags:SIM, TraduzirTags:SIM
-- 15/05 12:23:05:027 - </zera></ae>=== VIA CLIENTE ===</lf>----------------------------------------------</lf>     ACBr CliSiTef - Demo (estudo)</lf>----------------------------------------------</lf>15/05/2026 12:22   Cupom: 526918</lf>----------------------------------------------</lf>X SIMULACAO</lf>X 000000000000000</lf>C 1a VIA - CLIENTE</lf>X</lf>X DOCUMENTO = 000005150038</lf>          SiTef from Fiserv</lf>----------------------------------------------</lf>Caixa: 000001</lf>----------------------------------------------</lf></lf></lf></corte_parcial></lf></lf>=== VIA ESTABELECIMENTO ===</lf>----------------------------------------------</lf>     ACBr CliSiTef - Demo (estudo)</lf>----------------------------------------------</lf>15/05/2026 12:22   Cupom: 526918</lf>----------------------------------------------</lf>X SIMULACAO</lf>X 000000000000000</lf>E 2a VIA - ESTABELECIMENTO</lf>X</lf>X DOCUMENTO = 000005150038</lf>          SiTef from Fiserv</lf>----------------------------------------------</lf>Caixa: 000001</lf>----------------------------------------------</lf></lf></lf></corte_total>
-- 15/05 12:23:05:027 - TraduzirTag(</zera>) -> [ESC]@[ESC]2[ESC]t[STX]
-- 15/05 12:23:05:027 - TraduzirTag(</ae>) -> [ESC]a[NUL]
-- 15/05 12:23:05:027 - TraduzirTag(</lf>) ->  [LF]
-- 15/05 12:23:05:027 - TraduzirTag(</lf>) ->  [LF]
-- 15/05 12:23:05:027 - TraduzirTag(</lf>) ->  [LF]
-- 15/05 12:23:05:027 - TraduzirTag(</lf>) ->  [LF]
-- 15/05 12:23:05:027 - TraduzirTag(</lf>) ->  [LF]
-- 15/05 12:23:05:027 - TraduzirTag(</lf>) ->  [LF]
-- 15/05 12:23:05:027 - TraduzirTag(</lf>) ->  [LF]
-- 15/05 12:23:05:027 - TraduzirTag(</lf>) ->  [LF]
-- 15/05 12:23:05:027 - TraduzirTag(</lf>) ->  [LF]
-- 15/05 12:23:05:027 - TraduzirTag(</lf>) ->  [LF]
-- 15/05 12:23:05:027 - TraduzirTag(</lf>) ->  [LF]
-- 15/05 12:23:05:027 - TraduzirTag(</lf>) ->  [LF]
-- 15/05 12:23:05:027 - TraduzirTag(</lf>) ->  [LF]
-- 15/05 12:23:05:027 - TraduzirTag(</lf>) ->  [LF]
-- 15/05 12:23:05:027 - TraduzirTag(</lf>) ->  [LF]
-- 15/05 12:23:05:027 - TraduzirTag(</lf>) ->  [LF]
-- 15/05 12:23:05:027 - TraduzirTag(</lf>) ->  [LF]
-- 15/05 12:23:05:027 - TraduzirTag(</corte_parcial>) ->  [LF] [LF] [LF][GS]V[SOH]
-- 15/05 12:23:05:027 - TraduzirTag(</lf>) ->  [LF]
-- 15/05 12:23:05:027 - TraduzirTag(</lf>) ->  [LF]
-- 15/05 12:23:05:027 - TraduzirTag(</lf>) ->  [LF]
-- 15/05 12:23:05:027 - TraduzirTag(</lf>) ->  [LF]
-- 15/05 12:23:05:027 - TraduzirTag(</lf>) ->  [LF]
-- 15/05 12:23:05:027 - TraduzirTag(</lf>) ->  [LF]
-- 15/05 12:23:05:027 - TraduzirTag(</lf>) ->  [LF]
-- 15/05 12:23:05:027 - TraduzirTag(</lf>) ->  [LF]
-- 15/05 12:23:05:043 - TraduzirTag(</lf>) ->  [LF]
-- 15/05 12:23:05:044 - TraduzirTag(</lf>) ->  [LF]
-- 15/05 12:23:05:044 - TraduzirTag(</lf>) ->  [LF]
-- 15/05 12:23:05:044 - TraduzirTag(</lf>) ->  [LF]
-- 15/05 12:23:05:044 - TraduzirTag(</lf>) ->  [LF]
-- 15/05 12:23:05:044 - TraduzirTag(</lf>) ->  [LF]
-- 15/05 12:23:05:044 - TraduzirTag(</lf>) ->  [LF]
-- 15/05 12:23:05:044 - TraduzirTag(</lf>) ->  [LF]
-- 15/05 12:23:05:044 - TraduzirTag(</lf>) ->  [LF]
-- 15/05 12:23:05:044 - TraduzirTag(</lf>) ->  [LF]
-- 15/05 12:23:05:044 - TraduzirTag(</lf>) ->  [LF]
-- 15/05 12:23:05:044 - TraduzirTag(</corte_total>) ->  [LF] [LF] [LF][GS]V[NUL]
-- 15/05 12:23:05:044 - EnviarStringDevice([ESC]@[ESC]2[ESC]t[STX][ESC]a[NUL]=== VIA CLIENTE === [LF]---------------------------------------------- [LF]     ACBr CliSiTef - Demo (estudo) [LF]---------------------------------------------- [LF]15/05/2026 12:22   Cupom: 526918 [LF]---------------------------------------------- [LF]X SIMULACAO [LF]X 000000000000000 [LF]C 1a VIA - CLIENTE [LF]X [LF]X DOCUMENTO = 000005150038 [LF]          SiTef from Fiserv [LF]---------------------------------------------- [LF]Caixa: 000001 [LF]---------------------------------------------- [LF] [LF] [LF] [LF] [LF] [LF][GS]V[SOH] [LF] [LF]=== VIA ESTABELECIMENTO === [LF]---------------------------------------------- [LF]     ACBr CliSiTef - Demo (estudo) [LF]---------------------------------------------- [LF]15/05/2026 12:22   Cupom: 526918 [LF]---------------------------------------------- [LF]X SIMULACAO [LF]X 000000000000000 [LF]E 2a VIA - ESTABELECIMENTO [LF]X [LF]X DOCUMENTO = 000005150038 [LF]          SiTef from Fiserv [LF]---------------------------------------------- [LF]Caixa: 000001 [LF]---------------------------------------------- [LF] [LF] [LF] [LF] [LF] [LF][GS]V[NUL])
-- 15/05 12:26:25:482 - SetModelo(ppEscPosEpson)
-- 15/05 12:57:06:860 - SetModelo(ppEscPosEpson)
-- 15/05 14:27:40:612 - SetModelo(ppEscPosEpson)
-- 15/05 14:57:57:171 - SetModelo(ppEscPosEpson)
-- 15/05 15:00:02:953 - SetModelo(ppEscPosEpson)
-- 15/05 15:02:17:330 - SetModelo(ppEscPosEpson)
-- 15/05 15:57:05:654 - SetModelo(ppEscPosEpson)
-- 15/05 16:11:25:883 - SetModelo(ppEscPosEpson)
-- 15/05 16:16:00:737 - SetModelo(ppEscPosEpson)
-- 15/05 16:26:27:509 - SetModelo(ppEscPosEpson)
-- 15/05 16:37:06:302 - SetModelo(ppEscPosEpson)
-- 15/05 16:44:17:972 - SetModelo(ppEscPosEpson)
-- 15/05 17:04:42:274 - SetModelo(ppEscPosEpson)
-- 15/05 17:10:33:380 - SetModelo(ppEscPosEpson)
-- 19/05 14:50:15:111 - SetModelo(ppEscPosEpson)
-- 19/05 15:16:26:698 - SetModelo(ppEscPosEpson)

--------------------------------------------------------------------------------
ATIVAR - 19/05/26 15:16:26:754
  - Modelo.: EscPosEpson
  - TimeOut: 3000 milissegundos
  - Porta..: RAW:ELGIN i9(USB)
  - Tipo...: RawPrinter
--------------------------------------------------------------------------------

-- 19/05 15:16:26:895 - Imprimir, Copias:1, DecodificarTags:SIM, TraduzirTags:SIM
-- 19/05 15:16:26:896 - </zera></ae>=== VIA CLIENTE ===</lf>----------------------------------------------</lf>     ACBr CliSiTef - Demo (estudo)</lf>----------------------------------------------</lf>19/05/2026 15:15   Cupom: 509205</lf>----------------------------------------------</lf>.....S.O.F.T.W.A.R.E.E.X.P.R.E.S.S....</lf>SI                              Rede 5</lf>MU               Codigo transacao: 200</lf>LA               Codigo operacao: 2000</lf>DO                         Valor: 1,00</lf>.....S...I...M...U...L...A...D...O....</lf>SI                   NSU SiTef: 190019</lf>MU                      19/05/26 15:15</lf>LA                    ID PDV: IP000001</lf>DO             Estab.: 000000000000005</lf>.....S...I...M...U...L...A...D...O....</lf>SI                     Host: 999190019</lf>MU         Transacao Simulada Aprovada</lf>LA        TAG AID 0x84: A0000000043060</lf>DO      TAG AID 0x9F06: A0000000043060</lf>.....S...I...M...U...L...A...D...O....</lf>SI                 SALDO DISP.    0,02</lf>          SiTef from Fiserv</lf>----------------------------------------------</lf>Caixa: 000001</lf>----------------------------------------------</lf></lf></lf></corte_parcial></lf></lf>=== VIA ESTABELECIMENTO ===</lf>----------------------------------------------</lf>     ACBr CliSiTef - Demo (estudo)</lf>----------------------------------------------</lf>19/05/2026 15:15   Cupom: 509205</lf>----------------------------------------------</lf>.....S.O.F.T.W.A.R.E.E.X.P.R.E.S.S....</lf>SI                              Rede 5</lf>MU               Codigo transacao: 200</lf>LA               Codigo operacao: 2000</lf>DO                         Valor: 1,00</lf>.....S...I...M...U...L...A...D...O....</lf>SI                   NSU SiTef: 190019</lf>MU                      19/05/26 15:15</lf>LA                    ID PDV: IP000001</lf>DO             Estab.: 000000000000005</lf>.....S...I...M...U...L...A...D...O....</lf>SI                     Host: 999190019</lf>MU         Transacao Simulada Aprovada</lf>LA        TAG AID 0x84: A0000000043060</lf>DO      TAG AID 0x9F06: A0000000043060</lf>.....S...I...M...U...L...A...D...O....</lf>          SiTef from Fiserv</lf>----------------------------------------------</lf>Caixa: 000001</lf>----------------------------------------------</lf></lf></lf></corte_total>
-- 19/05 15:16:26:896 - TraduzirTag(</zera>) -> [ESC]@[ESC]2[ESC]t[STX]
-- 19/05 15:16:26:897 - TraduzirTag(</ae>) -> [ESC]a[NUL]
-- 19/05 15:16:26:897 - TraduzirTag(</lf>) ->  [LF]
-- 19/05 15:16:26:898 - TraduzirTag(</lf>) ->  [LF]
-- 19/05 15:16:26:899 - TraduzirTag(</lf>) ->  [LF]
-- 19/05 15:16:26:899 - TraduzirTag(</lf>) ->  [LF]
-- 19/05 15:16:26:900 - TraduzirTag(</lf>) ->  [LF]
-- 19/05 15:16:26:900 - TraduzirTag(</lf>) ->  [LF]
-- 19/05 15:16:26:901 - TraduzirTag(</lf>) ->  [LF]
-- 19/05 15:16:26:901 - TraduzirTag(</lf>) ->  [LF]
-- 19/05 15:16:26:902 - TraduzirTag(</lf>) ->  [LF]
-- 19/05 15:16:26:902 - TraduzirTag(</lf>) ->  [LF]
-- 19/05 15:16:26:903 - TraduzirTag(</lf>) ->  [LF]
-- 19/05 15:16:26:903 - TraduzirTag(</lf>) ->  [LF]
-- 19/05 15:16:26:904 - TraduzirTag(</lf>) ->  [LF]
-- 19/05 15:16:26:904 - TraduzirTag(</lf>) ->  [LF]
-- 19/05 15:16:26:905 - TraduzirTag(</lf>) ->  [LF]
-- 19/05 15:16:26:905 - TraduzirTag(</lf>) ->  [LF]
-- 19/05 15:16:26:907 - TraduzirTag(</lf>) ->  [LF]
-- 19/05 15:16:26:907 - TraduzirTag(</lf>) ->  [LF]
-- 19/05 15:16:26:908 - TraduzirTag(</lf>) ->  [LF]
-- 19/05 15:16:26:908 - TraduzirTag(</lf>) ->  [LF]
-- 19/05 15:16:26:908 - TraduzirTag(</lf>) ->  [LF]
-- 19/05 15:16:26:909 - TraduzirTag(</lf>) ->  [LF]
-- 19/05 15:16:26:910 - TraduzirTag(</lf>) ->  [LF]
-- 19/05 15:16:26:910 - TraduzirTag(</lf>) ->  [LF]
-- 19/05 15:16:26:910 - TraduzirTag(</lf>) ->  [LF]
-- 19/05 15:16:26:911 - TraduzirTag(</lf>) ->  [LF]
-- 19/05 15:16:26:912 - TraduzirTag(</lf>) ->  [LF]
-- 19/05 15:16:26:912 - TraduzirTag(</lf>) ->  [LF]
-- 19/05 15:16:26:913 - TraduzirTag(</lf>) ->  [LF]
-- 19/05 15:16:26:913 - TraduzirTag(</corte_parcial>) ->  [LF] [LF] [LF][GS]V[SOH]
-- 19/05 15:16:26:914 - TraduzirTag(</lf>) ->  [LF]
-- 19/05 15:16:26:914 - TraduzirTag(</lf>) ->  [LF]
-- 19/05 15:16:26:914 - TraduzirTag(</lf>) ->  [LF]
-- 19/05 15:16:26:914 - TraduzirTag(</lf>) ->  [LF]
-- 19/05 15:16:26:916 - TraduzirTag(</lf>) ->  [LF]
-- 19/05 15:16:26:916 - TraduzirTag(</lf>) ->  [LF]
-- 19/05 15:16:26:918 - TraduzirTag(</lf>) ->  [LF]
-- 19/05 15:16:26:918 - TraduzirTag(</lf>) ->  [LF]
-- 19/05 15:16:26:919 - TraduzirTag(</lf>) ->  [LF]
-- 19/05 15:16:26:919 - TraduzirTag(</lf>) ->  [LF]
-- 19/05 15:16:26:920 - TraduzirTag(</lf>) ->  [LF]
-- 19/05 15:16:26:920 - TraduzirTag(</lf>) ->  [LF]
-- 19/05 15:16:26:921 - TraduzirTag(</lf>) ->  [LF]
-- 19/05 15:16:26:922 - TraduzirTag(</lf>) ->  [LF]
-- 19/05 15:16:26:922 - TraduzirTag(</lf>) ->  [LF]
-- 19/05 15:16:26:923 - TraduzirTag(</lf>) ->  [LF]
-- 19/05 15:16:26:923 - TraduzirTag(</lf>) ->  [LF]
-- 19/05 15:16:26:924 - TraduzirTag(</lf>) ->  [LF]
-- 19/05 15:16:26:924 - TraduzirTag(</lf>) ->  [LF]
-- 19/05 15:16:26:925 - TraduzirTag(</lf>) ->  [LF]
-- 19/05 15:16:26:925 - TraduzirTag(</lf>) ->  [LF]
-- 19/05 15:16:26:926 - TraduzirTag(</lf>) ->  [LF]
-- 19/05 15:16:26:927 - TraduzirTag(</lf>) ->  [LF]
-- 19/05 15:16:26:928 - TraduzirTag(</lf>) ->  [LF]
-- 19/05 15:16:26:928 - TraduzirTag(</lf>) ->  [LF]
-- 19/05 15:16:26:929 - TraduzirTag(</lf>) ->  [LF]
-- 19/05 15:16:26:929 - TraduzirTag(</lf>) ->  [LF]
-- 19/05 15:16:26:930 - TraduzirTag(</lf>) ->  [LF]
-- 19/05 15:16:26:930 - TraduzirTag(</lf>) ->  [LF]
-- 19/05 15:16:26:931 - TraduzirTag(</lf>) ->  [LF]
-- 19/05 15:16:26:931 - TraduzirTag(</corte_total>) ->  [LF] [LF] [LF][GS]V[NUL]
-- 19/05 15:16:26:932 - EnviarStringDevice([ESC]@[ESC]2[ESC]t[STX][ESC]a[NUL]=== VIA CLIENTE === [LF]---------------------------------------------- [LF]     ACBr CliSiTef - Demo (estudo) [LF]---------------------------------------------- [LF]19/05/2026 15:15   Cupom: 509205 [LF]---------------------------------------------- [LF].....S.O.F.T.W.A.R.E.E.X.P.R.E.S.S.... [LF]SI                              Rede 5 [LF]MU               Codigo transacao: 200 [LF]LA               Codigo operacao: 2000 [LF]DO                         Valor: 1,00 [LF].....S...I...M...U...L...A...D...O.... [LF]SI                   NSU SiTef: 190019 [LF]MU                      19/05/26 15:15 [LF]LA                    ID PDV: IP000001 [LF]DO             Estab.: 000000000000005 [LF].....S...I...M...U...L...A...D...O.... [LF]SI                     Host: 999190019 [LF]MU         Transacao Simulada Aprovada [LF]LA        TAG AID 0x84: A0000000043060 [LF]DO      TAG AID 0x9F06: A0000000043060 [LF].....S...I...M...U...L...A...D...O.... [LF]SI                 SALDO DISP.    0,02 [LF]          SiTef from Fiserv [LF]---------------------------------------------- [LF]Caixa: 000001 [LF]---------------------------------------------- [LF] [LF] [LF] [LF] [LF] [LF][GS]V[SOH] [LF] [LF]=== VIA ESTABELECIMENTO === [LF]---------------------------------------------- [LF]     ACBr CliSiTef - Demo (estudo) [LF]---------------------------------------------- [LF]19/05/2026 15:15   Cupom: 509205 [LF]---------------------------------------------- [LF].....S.O.F.T.W.A.R.E.E.X.P.R.E.S.S.... [LF]SI                              Rede 5 [LF]MU               Codigo transacao: 200 [LF]LA               Codigo operacao: 2000 [LF]DO                         Valor: 1,00 [LF].....S...I...M...U...L...A...D...O.... [LF]SI                   NSU SiTef: 190019 [LF]MU                      19/05/26 15:15 [LF]LA                    ID PDV: IP000001 [LF]DO             Estab.: 000000000000005 [LF].....S...I...M...U...L...A...D...O.... [LF]SI                     Host: 999190019 [LF]MU         Transacao Simulada Aprovada [LF]LA        TAG AID 0x84: A0000000043060 [LF]DO      TAG AID 0x9F06: A0000000043060 [LF].....S...I...M...U...L...A...D...O.... [LF]          SiTef from Fiserv [LF]---------------------------------------------- [LF]Caixa: 000001 [LF]---------------------------------------------- [LF] [LF] [LF] [LF] [LF] [LF][GS]V[NUL])
-- 19/05 15:29:51:459 - SetModelo(ppEscPosEpson)

--------------------------------------------------------------------------------
ATIVAR - 19/05/26 15:29:51:512
  - Modelo.: EscPosEpson
  - TimeOut: 3000 milissegundos
  - Porta..: RAW:ELGIN i9(USB)
  - Tipo...: RawPrinter
--------------------------------------------------------------------------------

-- 19/05 15:29:51:639 - Imprimir, Copias:1, DecodificarTags:SIM, TraduzirTags:SIM
-- 19/05 15:29:51:641 - </zera></ae>=== VIA CLIENTE ===</lf>----------------------------------------------</lf>     ACBr CliSiTef - Demo</lf>----------------------------------------------</lf>19/05/2026 15:29   Cupom: 576064</lf>----------------------------------------------</lf>.....S.O.F.T.W.A.R.E.E.X.P.R.E.S.S....</lf>SI                              Rede 5</lf>MU               Codigo transacao: 200</lf>LA               Codigo operacao: 3000</lf>DO                         Valor: 1,00</lf>.....S...I...M...U...L...A...D...O....</lf>SI                   NSU SiTef: 190021</lf>MU                      19/05/26 15:29</lf>LA                    ID PDV: IP000001</lf>DO             Estab.: 000000000000005</lf>.....S...I...M...U...L...A...D...O....</lf>SI                     Host: 999190021</lf>MU         Transacao Simulada Aprovada</lf>LA        TAG AID 0x84: A0000000041010</lf>DO      TAG AID 0x9F06: A0000000041010</lf>.....S...I...M...U...L...A...D...O....</lf>SI                 SALDO DISP.    0,02</lf>          SiTef from Fiserv</lf>----------------------------------------------</lf>Caixa: 000001</lf>----------------------------------------------</lf></lf></lf></corte_parcial></lf></lf>=== VIA ESTABELECIMENTO ===</lf>----------------------------------------------</lf>     ACBr CliSiTef - Demo</lf>----------------------------------------------</lf>19/05/2026 15:29   Cupom: 576064</lf>----------------------------------------------</lf>.....S.O.F.T.W.A.R.E.E.X.P.R.E.S.S....</lf>SI                              Rede 5</lf>MU               Codigo transacao: 200</lf>LA               Codigo operacao: 3000</lf>DO                         Valor: 1,00</lf>.....S...I...M...U...L...A...D...O....</lf>SI                   NSU SiTef: 190021</lf>MU                      19/05/26 15:29</lf>LA                    ID PDV: IP000001</lf>DO             Estab.: 000000000000005</lf>.....S...I...M...U...L...A...D...O....</lf>SI                     Host: 999190021</lf>MU         Transacao Simulada Aprovada</lf>LA        TAG AID 0x84: A0000000041010</lf>DO      TAG AID 0x9F06: A0000000041010</lf>.....S...I...M...U...L...A...D...O....</lf>          SiTef from Fiserv</lf>----------------------------------------------</lf>Caixa: 000001</lf>----------------------------------------------</lf></lf></lf></corte_total>
-- 19/05 15:29:51:641 - TraduzirTag(</zera>) -> [ESC]@[ESC]2[ESC]t[STX]
-- 19/05 15:29:51:641 - TraduzirTag(</ae>) -> [ESC]a[NUL]
-- 19/05 15:29:51:643 - TraduzirTag(</lf>) ->  [LF]
-- 19/05 15:29:51:643 - TraduzirTag(</lf>) ->  [LF]
-- 19/05 15:29:51:644 - TraduzirTag(</lf>) ->  [LF]
-- 19/05 15:29:51:644 - TraduzirTag(</lf>) ->  [LF]
-- 19/05 15:29:51:645 - TraduzirTag(</lf>) ->  [LF]
-- 19/05 15:29:51:645 - TraduzirTag(</lf>) ->  [LF]
-- 19/05 15:29:51:646 - TraduzirTag(</lf>) ->  [LF]
-- 19/05 15:29:51:646 - TraduzirTag(</lf>) ->  [LF]
-- 19/05 15:29:51:647 - TraduzirTag(</lf>) ->  [LF]
-- 19/05 15:29:51:647 - TraduzirTag(</lf>) ->  [LF]
-- 19/05 15:29:51:648 - TraduzirTag(</lf>) ->  [LF]
-- 19/05 15:29:51:648 - TraduzirTag(</lf>) ->  [LF]
-- 19/05 15:29:51:649 - TraduzirTag(</lf>) ->  [LF]
-- 19/05 15:29:51:650 - TraduzirTag(</lf>) ->  [LF]
-- 19/05 15:29:51:650 - TraduzirTag(</lf>) ->  [LF]
-- 19/05 15:29:51:651 - TraduzirTag(</lf>) ->  [LF]
-- 19/05 15:29:51:652 - TraduzirTag(</lf>) ->  [LF]
-- 19/05 15:29:51:652 - TraduzirTag(</lf>) ->  [LF]
-- 19/05 15:29:51:653 - TraduzirTag(</lf>) ->  [LF]
-- 19/05 15:29:51:653 - TraduzirTag(</lf>) ->  [LF]
-- 19/05 15:29:51:653 - TraduzirTag(</lf>) ->  [LF]
-- 19/05 15:29:51:654 - TraduzirTag(</lf>) ->  [LF]
-- 19/05 15:29:51:654 - TraduzirTag(</lf>) ->  [LF]
-- 19/05 15:29:51:655 - TraduzirTag(</lf>) ->  [LF]
-- 19/05 15:29:51:655 - TraduzirTag(</lf>) ->  [LF]
-- 19/05 15:29:51:656 - TraduzirTag(</lf>) ->  [LF]
-- 19/05 15:29:51:657 - TraduzirTag(</lf>) ->  [LF]
-- 19/05 15:29:51:657 - TraduzirTag(</lf>) ->  [LF]
-- 19/05 15:29:51:658 - TraduzirTag(</lf>) ->  [LF]
-- 19/05 15:29:51:659 - TraduzirTag(</corte_parcial>) ->  [LF] [LF] [LF][GS]V[SOH]
-- 19/05 15:29:51:659 - TraduzirTag(</lf>) ->  [LF]
-- 19/05 15:29:51:660 - TraduzirTag(</lf>) ->  [LF]
-- 19/05 15:29:51:661 - TraduzirTag(</lf>) ->  [LF]
-- 19/05 15:29:51:661 - TraduzirTag(</lf>) ->  [LF]
-- 19/05 15:29:51:661 - TraduzirTag(</lf>) ->  [LF]
-- 19/05 15:29:51:661 - TraduzirTag(</lf>) ->  [LF]
-- 19/05 15:29:51:661 - TraduzirTag(</lf>) ->  [LF]
-- 19/05 15:29:51:661 - TraduzirTag(</lf>) ->  [LF]
-- 19/05 15:29:51:661 - TraduzirTag(</lf>) ->  [LF]
-- 19/05 15:29:51:661 - TraduzirTag(</lf>) ->  [LF]
-- 19/05 15:29:51:661 - TraduzirTag(</lf>) ->  [LF]
-- 19/05 15:29:51:667 - TraduzirTag(</lf>) ->  [LF]
-- 19/05 15:29:51:667 - TraduzirTag(</lf>) ->  [LF]
-- 19/05 15:29:51:667 - TraduzirTag(</lf>) ->  [LF]
-- 19/05 15:29:51:669 - TraduzirTag(</lf>) ->  [LF]
-- 19/05 15:29:51:669 - TraduzirTag(</lf>) ->  [LF]
-- 19/05 15:29:51:669 - TraduzirTag(</lf>) ->  [LF]
-- 19/05 15:29:51:669 - TraduzirTag(</lf>) ->  [LF]
-- 19/05 15:29:51:671 - TraduzirTag(</lf>) ->  [LF]
-- 19/05 15:29:51:671 - TraduzirTag(</lf>) ->  [LF]
-- 19/05 15:29:51:671 - TraduzirTag(</lf>) ->  [LF]
-- 19/05 15:29:51:671 - TraduzirTag(</lf>) ->  [LF]
-- 19/05 15:29:51:671 - TraduzirTag(</lf>) ->  [LF]
-- 19/05 15:29:51:674 - TraduzirTag(</lf>) ->  [LF]
-- 19/05 15:29:51:674 - TraduzirTag(</lf>) ->  [LF]
-- 19/05 15:29:51:674 - TraduzirTag(</lf>) ->  [LF]
-- 19/05 15:29:51:674 - TraduzirTag(</lf>) ->  [LF]
-- 19/05 15:29:51:674 - TraduzirTag(</lf>) ->  [LF]
-- 19/05 15:29:51:674 - TraduzirTag(</lf>) ->  [LF]
-- 19/05 15:29:51:674 - TraduzirTag(</lf>) ->  [LF]
-- 19/05 15:29:51:674 - TraduzirTag(</corte_total>) ->  [LF] [LF] [LF][GS]V[NUL]
-- 19/05 15:29:51:674 - EnviarStringDevice([ESC]@[ESC]2[ESC]t[STX][ESC]a[NUL]=== VIA CLIENTE === [LF]---------------------------------------------- [LF]     ACBr CliSiTef - Demo [LF]---------------------------------------------- [LF]19/05/2026 15:29   Cupom: 576064 [LF]---------------------------------------------- [LF].....S.O.F.T.W.A.R.E.E.X.P.R.E.S.S.... [LF]SI                              Rede 5 [LF]MU               Codigo transacao: 200 [LF]LA               Codigo operacao: 3000 [LF]DO                         Valor: 1,00 [LF].....S...I...M...U...L...A...D...O.... [LF]SI                   NSU SiTef: 190021 [LF]MU                      19/05/26 15:29 [LF]LA                    ID PDV: IP000001 [LF]DO             Estab.: 000000000000005 [LF].....S...I...M...U...L...A...D...O.... [LF]SI                     Host: 999190021 [LF]MU         Transacao Simulada Aprovada [LF]LA        TAG AID 0x84: A0000000041010 [LF]DO      TAG AID 0x9F06: A0000000041010 [LF].....S...I...M...U...L...A...D...O.... [LF]SI                 SALDO DISP.    0,02 [LF]          SiTef from Fiserv [LF]---------------------------------------------- [LF]Caixa: 000001 [LF]---------------------------------------------- [LF] [LF] [LF] [LF] [LF] [LF][GS]V[SOH] [LF] [LF]=== VIA ESTABELECIMENTO === [LF]---------------------------------------------- [LF]     ACBr CliSiTef - Demo [LF]---------------------------------------------- [LF]19/05/2026 15:29   Cupom: 576064 [LF]---------------------------------------------- [LF].....S.O.F.T.W.A.R.E.E.X.P.R.E.S.S.... [LF]SI                              Rede 5 [LF]MU               Codigo transacao: 200 [LF]LA               Codigo operacao: 3000 [LF]DO                         Valor: 1,00 [LF].....S...I...M...U...L...A...D...O.... [LF]SI                   NSU SiTef: 190021 [LF]MU                      19/05/26 15:29 [LF]LA                    ID PDV: IP000001 [LF]DO             Estab.: 000000000000005 [LF].....S...I...M...U...L...A...D...O.... [LF]SI                     Host: 999190021 [LF]MU         Transacao Simulada Aprovada [LF]LA        TAG AID 0x84: A0000000041010 [LF]DO      TAG AID 0x9F06: A0000000041010 [LF].....S...I...M...U...L...A...D...O.... [LF]          SiTef from Fiserv [LF]---------------------------------------------- [LF]Caixa: 000001 [LF]---------------------------------------------- [LF] [LF] [LF] [LF] [LF] [LF][GS]V[NUL])
-- 19/05 15:30:11:983 - Imprimir, Copias:1, DecodificarTags:SIM, TraduzirTags:SIM
-- 19/05 15:30:11:983 - </zera></ae>TESTE IMPRESSAO</lf>ACBr CliSiTef Demo</lf>19/05/2026 15:30:11</lf></corte_total></lf></corte_total>
-- 19/05 15:30:11:984 - TraduzirTag(</zera>) -> [ESC]@[ESC]2[ESC]t[STX]
-- 19/05 15:30:11:984 - TraduzirTag(</ae>) -> [ESC]a[NUL]
-- 19/05 15:30:11:985 - TraduzirTag(</lf>) ->  [LF]
-- 19/05 15:30:11:985 - TraduzirTag(</lf>) ->  [LF]
-- 19/05 15:30:11:986 - TraduzirTag(</lf>) ->  [LF]
-- 19/05 15:30:11:986 - TraduzirTag(</corte_total>) ->  [LF] [LF] [LF][GS]V[NUL]
-- 19/05 15:30:11:987 - TraduzirTag(</lf>) ->  [LF]
-- 19/05 15:30:11:987 - TraduzirTag(</corte_total>) ->  [LF] [LF] [LF][GS]V[NUL]
-- 19/05 15:30:11:987 - EnviarStringDevice([ESC]@[ESC]2[ESC]t[STX][ESC]a[NUL]TESTE IMPRESSAO [LF]ACBr CliSiTef Demo [LF]19/05/2026 15:30:11 [LF] [LF] [LF] [LF][GS]V[NUL] [LF] [LF] [LF] [LF][GS]V[NUL])
